Local Path,Status,Message,URL,sector,TIC,pipeline
./mastDownload/HLSP/hlsp_pathos_tess_lightcurve_tic-0045404408-s0008_tess_v1_llc/hlsp_pathos_tess_lightcurve_tic-0045404408-s0008_tess_v1_llc.fits,COMPLETE,,,8,TIC 45404408,PATHOS
./mastDownload/HLSP/hlsp_pathos_tess_lightcurve_tic-0045404408-s0009_tess_v1_llc/hlsp_pathos_tess_lightcurve_tic-0045404408-s0009_tess_v1_llc.fits,COMPLETE,,,9,TIC 45404408,PATHOS
./mastDownload/HLSP/hlsp_pathos_tess_lightcurve_tic-0045404408-s0010_tess_v1_llc/hlsp_pathos_tess_lightcurve_tic-0045404408-s0010_tess_v1_llc.fits,COMPLETE,,,10,TIC 45404408,PATHOS
./mastDownload/HLSP/hlsp_cdips_tess_ffi_gaiatwo0005317891964614977792-0008-cam3-ccd4_tess_v01_llc/hlsp_cdips_tess_ffi_gaiatwo0005317891964614977792-0008-cam3-ccd4_tess_v01_llc.fits,COMPLETE,,,8,TIC 45404408,CDIPS
./mastDownload/HLSP/hlsp_cdips_tess_ffi_gaiatwo0005317891964614977792-0009-cam3-ccd3_tess_v01_llc/hlsp_cdips_tess_ffi_gaiatwo0005317891964614977792-0009-cam3-ccd3_tess_v01_llc.fits,COMPLETE,,,9,TIC 45404408,CDIPS
./mastDownload/HLSP/hlsp_cdips_tess_ffi_gaiatwo0005317891964614977792-0010-cam3-ccd3_tess_v01_llc/hlsp_cdips_tess_ffi_gaiatwo0005317891964614977792-0010-cam3-ccd3_tess_v01_llc.fits,COMPLETE,,,10,TIC 45404408,CDIPS
./mastDownload/HLSP/hlsp_pathos_tess_lightcurve_tic-0092475268-s0008_tess_v1_llc/hlsp_pathos_tess_lightcurve_tic-0092475268-s0008_tess_v1_llc.fits,COMPLETE,,,8,TIC 92475268,PATHOS
./mastDownload/HLSP/hlsp_pathos_tess_lightcurve_tic-0092475268-s0009_tess_v1_llc/hlsp_pathos_tess_lightcurve_tic-0092475268-s0009_tess_v1_llc.fits,COMPLETE,,,9,TIC 92475268,PATHOS
./mastDownload/HLSP/hlsp_cdips_tess_ffi_gaiatwo0005321275295028390912-0008-cam3-ccd4_tess_v01_llc/hlsp_cdips_tess_ffi_gaiatwo0005321275295028390912-0008-cam3-ccd4_tess_v01_llc.fits,COMPLETE,,,8,TIC 92475268,CDIPS
./mastDownload/HLSP/hlsp_cdips_tess_ffi_gaiatwo0005321275295028390912-0009-cam3-ccd3_tess_v01_llc/hlsp_cdips_tess_ffi_gaiatwo0005321275295028390912-0009-cam3-ccd3_tess_v01_llc.fits,COMPLETE,,,9,TIC 92475268,CDIPS
./mastDownload/HLSP/hlsp_qlp_tess_ffi_s0009-0000000092475268_tess_v01_llc/hlsp_qlp_tess_ffi_s0009-0000000092475268_tess_v01_llc.fits,COMPLETE,,,9,TIC 92475268,QLP
./mastDownload/HLSP/hlsp_pathos_tess_lightcurve_tic-0092477888-s0008_tess_v1_llc/hlsp_pathos_tess_lightcurve_tic-0092477888-s0008_tess_v1_llc.fits,COMPLETE,,,8,TIC 92477888,PATHOS
./mastDownload/HLSP/hlsp_pathos_tess_lightcurve_tic-0092477888-s0009_tess_v1_llc/hlsp_pathos_tess_lightcurve_tic-0092477888-s0009_tess_v1_llc.fits,COMPLETE,,,9,TIC 92477888,PATHOS
./mastDownload/HLSP/hlsp_cdips_tess_ffi_gaiatwo0005321150951435896064-0008-cam3-ccd4_tess_v01_llc/hlsp_cdips_tess_ffi_gaiatwo0005321150951435896064-0008-cam3-ccd4_tess_v01_llc.fits,COMPLETE,,,8,TIC 92477888,CDIPS
./mastDownload/HLSP/hlsp_cdips_tess_ffi_gaiatwo0005321150951435896064-0009-cam3-ccd3_tess_v01_llc/hlsp_cdips_tess_ffi_gaiatwo0005321150951435896064-0009-cam3-ccd3_tess_v01_llc.fits,COMPLETE,,,9,TIC 92477888,CDIPS
./mastDownload/HLSP/hlsp_pathos_tess_lightcurve_tic-0092580385-s0008_tess_v1_llc/hlsp_pathos_tess_lightcurve_tic-0092580385-s0008_tess_v1_llc.fits,COMPLETE,,,8,TIC 92580385,PATHOS
./mastDownload/HLSP/hlsp_pathos_tess_lightcurve_tic-0092580385-s0009_tess_v1_llc/hlsp_pathos_tess_lightcurve_tic-0092580385-s0009_tess_v1_llc.fits,COMPLETE,,,9,TIC 92580385,PATHOS
./mastDownload/HLSP/hlsp_cdips_tess_ffi_gaiatwo0005318143752776545280-0008-cam3-ccd4_tess_v01_llc/hlsp_cdips_tess_ffi_gaiatwo0005318143752776545280-0008-cam3-ccd4_tess_v01_llc.fits,COMPLETE,,,8,TIC 92580385,CDIPS
./mastDownload/HLSP/hlsp_cdips_tess_ffi_gaiatwo0005318143752776545280-0009-cam3-ccd3_tess_v01_llc/hlsp_cdips_tess_ffi_gaiatwo0005318143752776545280-0009-cam3-ccd3_tess_v01_llc.fits,COMPLETE,,,9,TIC 92580385,CDIPS
./mastDownload/HLSP/hlsp_pathos_tess_lightcurve_tic-0092581404-s0008_tess_v1_llc/hlsp_pathos_tess_lightcurve_tic-0092581404-s0008_tess_v1_llc.fits,COMPLETE,,,8,TIC 92581404,PATHOS
./mastDownload/HLSP/hlsp_pathos_tess_lightcurve_tic-0092581404-s0009_tess_v1_llc/hlsp_pathos_tess_lightcurve_tic-0092581404-s0009_tess_v1_llc.fits,COMPLETE,,,9,TIC 92581404,PATHOS
./mastDownload/HLSP/hlsp_cdips_tess_ffi_gaiatwo0005321172323192731008-0008-cam3-ccd4_tess_v01_llc/hlsp_cdips_tess_ffi_gaiatwo0005321172323192731008-0008-cam3-ccd4_tess_v01_llc.fits,COMPLETE,,,8,TIC 92581404,CDIPS
./mastDownload/HLSP/hlsp_cdips_tess_ffi_gaiatwo0005321172323192731008-0009-cam3-ccd3_tess_v01_llc/hlsp_cdips_tess_ffi_gaiatwo0005321172323192731008-0009-cam3-ccd3_tess_v01_llc.fits,COMPLETE,,,9,TIC 92581404,CDIPS
./mastDownload/HLSP/hlsp_pathos_tess_lightcurve_tic-0092583560-s0008_tess_v1_llc/hlsp_pathos_tess_lightcurve_tic-0092583560-s0008_tess_v1_llc.fits,COMPLETE,,,8,TIC 92583560,PATHOS
./mastDownload/HLSP/hlsp_pathos_tess_lightcurve_tic-0092583560-s0009_tess_v1_llc/hlsp_pathos_tess_lightcurve_tic-0092583560-s0009_tess_v1_llc.fits,COMPLETE,,,9,TIC 92583560,PATHOS
./mastDownload/HLSP/hlsp_cdips_tess_ffi_gaiatwo0005321280728169745536-0008-cam3-ccd4_tess_v01_llc/hlsp_cdips_tess_ffi_gaiatwo0005321280728169745536-0008-cam3-ccd4_tess_v01_llc.fits,COMPLETE,,,8,TIC 92583560,CDIPS
./mastDownload/HLSP/hlsp_cdips_tess_ffi_gaiatwo0005321280728169745536-0009-cam3-ccd3_tess_v01_llc/hlsp_cdips_tess_ffi_gaiatwo0005321280728169745536-0009-cam3-ccd3_tess_v01_llc.fits,COMPLETE,,,9,TIC 92583560,CDIPS
./mastDownload/HLSP/hlsp_qlp_tess_ffi_s0009-0000000092583560_tess_v01_llc/hlsp_qlp_tess_ffi_s0009-0000000092583560_tess_v01_llc.fits,COMPLETE,,,9,TIC 92583560,QLP
./mastDownload/HLSP/hlsp_pathos_tess_lightcurve_tic-0092740990-s0008_tess_v1_llc/hlsp_pathos_tess_lightcurve_tic-0092740990-s0008_tess_v1_llc.fits,COMPLETE,,,8,TIC 92740990,PATHOS
./mastDownload/HLSP/hlsp_pathos_tess_lightcurve_tic-0092740990-s0009_tess_v1_llc/hlsp_pathos_tess_lightcurve_tic-0092740990-s0009_tess_v1_llc.fits,COMPLETE,,,9,TIC 92740990,PATHOS
./mastDownload/HLSP/hlsp_cdips_tess_ffi_gaiatwo0005321210870519453440-0008-cam3-ccd4_tess_v01_llc/hlsp_cdips_tess_ffi_gaiatwo0005321210870519453440-0008-cam3-ccd4_tess_v01_llc.fits,COMPLETE,,,8,TIC 92740990,CDIPS
./mastDownload/HLSP/hlsp_cdips_tess_ffi_gaiatwo0005321210870519453440-0009-cam3-ccd3_tess_v01_llc/hlsp_cdips_tess_ffi_gaiatwo0005321210870519453440-0009-cam3-ccd3_tess_v01_llc.fits,COMPLETE,,,9,TIC 92740990,CDIPS
./mastDownload/HLSP/hlsp_pathos_tess_lightcurve_tic-0092741130-s0008_tess_v1_llc/hlsp_pathos_tess_lightcurve_tic-0092741130-s0008_tess_v1_llc.fits,COMPLETE,,,8,TIC 92741130,PATHOS
./mastDownload/HLSP/hlsp_pathos_tess_lightcurve_tic-0092741130-s0009_tess_v1_llc/hlsp_pathos_tess_lightcurve_tic-0092741130-s0009_tess_v1_llc.fits,COMPLETE,,,9,TIC 92741130,PATHOS
./mastDownload/HLSP/hlsp_cdips_tess_ffi_gaiatwo0005321251591111558400-0008-cam3-ccd4_tess_v01_llc/hlsp_cdips_tess_ffi_gaiatwo0005321251591111558400-0008-cam3-ccd4_tess_v01_llc.fits,COMPLETE,,,8,TIC 92741130,CDIPS
./mastDownload/HLSP/hlsp_cdips_tess_ffi_gaiatwo0005321251591111558400-0009-cam3-ccd3_tess_v01_llc/hlsp_cdips_tess_ffi_gaiatwo0005321251591111558400-0009-cam3-ccd3_tess_v01_llc.fits,COMPLETE,,,9,TIC 92741130,CDIPS
./mastDownload/HLSP/hlsp_pathos_tess_lightcurve_tic-0092742627-s0008_tess_v1_llc/hlsp_pathos_tess_lightcurve_tic-0092742627-s0008_tess_v1_llc.fits,COMPLETE,,,8,TIC 92742627,PATHOS
./mastDownload/HLSP/hlsp_pathos_tess_lightcurve_tic-0092742627-s0009_tess_v1_llc/hlsp_pathos_tess_lightcurve_tic-0092742627-s0009_tess_v1_llc.fits,COMPLETE,,,9,TIC 92742627,PATHOS
./mastDownload/HLSP/hlsp_cdips_tess_ffi_gaiatwo0005321154967220812032-0008-cam3-ccd4_tess_v01_llc/hlsp_cdips_tess_ffi_gaiatwo0005321154967220812032-0008-cam3-ccd4_tess_v01_llc.fits,COMPLETE,,,8,TIC 92742627,CDIPS
./mastDownload/HLSP/hlsp_cdips_tess_ffi_gaiatwo0005321154967220812032-0009-cam3-ccd3_tess_v01_llc/hlsp_cdips_tess_ffi_gaiatwo0005321154967220812032-0009-cam3-ccd3_tess_v01_llc.fits,COMPLETE,,,9,TIC 92742627,CDIPS
./mastDownload/HLSP/hlsp_qlp_tess_ffi_s0009-0000000092742627_tess_v01_llc/hlsp_qlp_tess_ffi_s0009-0000000092742627_tess_v01_llc.fits,COMPLETE,,,9,TIC 92742627,QLP
./mastDownload/HLSP/hlsp_pathos_tess_lightcurve_tic-0092747418-s0008_tess_v1_llc/hlsp_pathos_tess_lightcurve_tic-0092747418-s0008_tess_v1_llc.fits,COMPLETE,,,8,TIC 92747418,PATHOS
./mastDownload/HLSP/hlsp_pathos_tess_lightcurve_tic-0092747418-s0009_tess_v1_llc/hlsp_pathos_tess_lightcurve_tic-0092747418-s0009_tess_v1_llc.fits,COMPLETE,,,9,TIC 92747418,PATHOS
./mastDownload/HLSP/hlsp_cdips_tess_ffi_gaiatwo0005321192457993772672-0008-cam3-ccd4_tess_v01_llc/hlsp_cdips_tess_ffi_gaiatwo0005321192457993772672-0008-cam3-ccd4_tess_v01_llc.fits,COMPLETE,,,8,TIC 92747418,CDIPS
./mastDownload/HLSP/hlsp_cdips_tess_ffi_gaiatwo0005321192457993772672-0009-cam3-ccd3_tess_v01_llc/hlsp_cdips_tess_ffi_gaiatwo0005321192457993772672-0009-cam3-ccd3_tess_v01_llc.fits,COMPLETE,,,9,TIC 92747418,CDIPS
./mastDownload/HLSP/hlsp_pathos_tess_lightcurve_tic-0092827857-s0008_tess_v1_llc/hlsp_pathos_tess_lightcurve_tic-0092827857-s0008_tess_v1_llc.fits,COMPLETE,,,8,TIC 92827857,PATHOS
./mastDownload/HLSP/hlsp_pathos_tess_lightcurve_tic-0092827857-s0009_tess_v1_llc/hlsp_pathos_tess_lightcurve_tic-0092827857-s0009_tess_v1_llc.fits,COMPLETE,,,9,TIC 92827857,PATHOS
./mastDownload/HLSP/hlsp_cdips_tess_ffi_gaiatwo0005321209809668118912-0008-cam3-ccd4_tess_v01_llc/hlsp_cdips_tess_ffi_gaiatwo0005321209809668118912-0008-cam3-ccd4_tess_v01_llc.fits,COMPLETE,,,8,TIC 92827857,CDIPS
./mastDownload/HLSP/hlsp_cdips_tess_ffi_gaiatwo0005321209809668118912-0009-cam3-ccd3_tess_v01_llc/hlsp_cdips_tess_ffi_gaiatwo0005321209809668118912-0009-cam3-ccd3_tess_v01_llc.fits,COMPLETE,,,9,TIC 92827857,CDIPS
./mastDownload/HLSP/hlsp_pathos_tess_lightcurve_tic-0093011540-s0008_tess_v1_llc/hlsp_pathos_tess_lightcurve_tic-0093011540-s0008_tess_v1_llc.fits,COMPLETE,,,8,TIC 93011540,PATHOS
./mastDownload/HLSP/hlsp_cdips_tess_ffi_gaiatwo0005321589862736049920-0008-cam3-ccd4_tess_v01_llc/hlsp_cdips_tess_ffi_gaiatwo0005321589862736049920-0008-cam3-ccd4_tess_v01_llc.fits,COMPLETE,,,8,TIC 93011540,CDIPS
./mastDownload/HLSP/hlsp_pathos_tess_lightcurve_tic-0093011965-s0008_tess_v1_llc/hlsp_pathos_tess_lightcurve_tic-0093011965-s0008_tess_v1_llc.fits,COMPLETE,,,8,TIC 93011965,PATHOS
./mastDownload/HLSP/hlsp_pathos_tess_lightcurve_tic-0093011965-s0009_tess_v1_llc/hlsp_pathos_tess_lightcurve_tic-0093011965-s0009_tess_v1_llc.fits,COMPLETE,,,9,TIC 93011965,PATHOS
./mastDownload/HLSP/hlsp_cdips_tess_ffi_gaiatwo0005321212730245914752-0008-cam3-ccd4_tess_v01_llc/hlsp_cdips_tess_ffi_gaiatwo0005321212730245914752-0008-cam3-ccd4_tess_v01_llc.fits,COMPLETE,,,8,TIC 93011965,CDIPS
./mastDownload/HLSP/hlsp_cdips_tess_ffi_gaiatwo0005321212730245914752-0009-cam3-ccd3_tess_v01_llc/hlsp_cdips_tess_ffi_gaiatwo0005321212730245914752-0009-cam3-ccd3_tess_v01_llc.fits,COMPLETE,,,9,TIC 93011965,CDIPS
./mastDownload/HLSP/hlsp_pathos_tess_lightcurve_tic-0093012639-s0008_tess_v1_llc/hlsp_pathos_tess_lightcurve_tic-0093012639-s0008_tess_v1_llc.fits,COMPLETE,,,8,TIC 93012639,PATHOS
./mastDownload/HLSP/hlsp_pathos_tess_lightcurve_tic-0093012639-s0009_tess_v1_llc/hlsp_pathos_tess_lightcurve_tic-0093012639-s0009_tess_v1_llc.fits,COMPLETE,,,9,TIC 93012639,PATHOS
./mastDownload/HLSP/hlsp_cdips_tess_ffi_gaiatwo0005321193729310746240-0008-cam3-ccd4_tess_v01_llc/hlsp_cdips_tess_ffi_gaiatwo0005321193729310746240-0008-cam3-ccd4_tess_v01_llc.fits,COMPLETE,,,8,TIC 93012639,CDIPS
./mastDownload/HLSP/hlsp_cdips_tess_ffi_gaiatwo0005321193729310746240-0009-cam3-ccd3_tess_v01_llc/hlsp_cdips_tess_ffi_gaiatwo0005321193729310746240-0009-cam3-ccd3_tess_v01_llc.fits,COMPLETE,,,9,TIC 93012639,CDIPS
./mastDownload/HLSP/hlsp_qlp_tess_ffi_s0009-0000000093012639_tess_v01_llc/hlsp_qlp_tess_ffi_s0009-0000000093012639_tess_v01_llc.fits,COMPLETE,,,9,TIC 93012639,QLP
./mastDownload/HLSP/hlsp_pathos_tess_lightcurve_tic-0093012997-s0008_tess_v1_llc/hlsp_pathos_tess_lightcurve_tic-0093012997-s0008_tess_v1_llc.fits,COMPLETE,,,8,TIC 93012997,PATHOS
./mastDownload/HLSP/hlsp_pathos_tess_lightcurve_tic-0093012997-s0009_tess_v1_llc/hlsp_pathos_tess_lightcurve_tic-0093012997-s0009_tess_v1_llc.fits,COMPLETE,,,9,TIC 93012997,PATHOS
./mastDownload/HLSP/hlsp_cdips_tess_ffi_gaiatwo0005321188953307253760-0008-cam3-ccd4_tess_v01_llc/hlsp_cdips_tess_ffi_gaiatwo0005321188953307253760-0008-cam3-ccd4_tess_v01_llc.fits,COMPLETE,,,8,TIC 93012997,CDIPS
./mastDownload/HLSP/hlsp_cdips_tess_ffi_gaiatwo0005321188953307253760-0009-cam3-ccd3_tess_v01_llc/hlsp_cdips_tess_ffi_gaiatwo0005321188953307253760-0009-cam3-ccd3_tess_v01_llc.fits,COMPLETE,,,9,TIC 93012997,CDIPS
./mastDownload/HLSP/hlsp_qlp_tess_ffi_s0009-0000000093012997_tess_v01_llc/hlsp_qlp_tess_ffi_s0009-0000000093012997_tess_v01_llc.fits,COMPLETE,,,9,TIC 93012997,QLP
./mastDownload/HLSP/hlsp_pathos_tess_lightcurve_tic-0093013696-s0008_tess_v1_llc/hlsp_pathos_tess_lightcurve_tic-0093013696-s0008_tess_v1_llc.fits,COMPLETE,,,8,TIC 93013696,PATHOS
./mastDownload/HLSP/hlsp_pathos_tess_lightcurve_tic-0093013696-s0009_tess_v1_llc/hlsp_pathos_tess_lightcurve_tic-0093013696-s0009_tess_v1_llc.fits,COMPLETE,,,9,TIC 93013696,PATHOS
./mastDownload/HLSP/hlsp_cdips_tess_ffi_gaiatwo0005318176875565072768-0008-cam3-ccd4_tess_v01_llc/hlsp_cdips_tess_ffi_gaiatwo0005318176875565072768-0008-cam3-ccd4_tess_v01_llc.fits,COMPLETE,,,8,TIC 93013696,CDIPS
./mastDownload/HLSP/hlsp_cdips_tess_ffi_gaiatwo0005318176875565072768-0009-cam3-ccd3_tess_v01_llc/hlsp_cdips_tess_ffi_gaiatwo0005318176875565072768-0009-cam3-ccd3_tess_v01_llc.fits,COMPLETE,,,9,TIC 93013696,CDIPS
./mastDownload/HLSP/hlsp_qlp_tess_ffi_s0009-0000000093013696_tess_v01_llc/hlsp_qlp_tess_ffi_s0009-0000000093013696_tess_v01_llc.fits,COMPLETE,,,9,TIC 93013696,QLP
./mastDownload/HLSP/hlsp_pathos_tess_lightcurve_tic-0093014257-s0008_tess_v1_llc/hlsp_pathos_tess_lightcurve_tic-0093014257-s0008_tess_v1_llc.fits,COMPLETE,,,8,TIC 93014257,PATHOS
./mastDownload/HLSP/hlsp_pathos_tess_lightcurve_tic-0093014257-s0009_tess_v1_llc/hlsp_pathos_tess_lightcurve_tic-0093014257-s0009_tess_v1_llc.fits,COMPLETE,,,9,TIC 93014257,PATHOS
./mastDownload/HLSP/hlsp_cdips_tess_ffi_gaiatwo0005318170828251553792-0008-cam3-ccd4_tess_v01_llc/hlsp_cdips_tess_ffi_gaiatwo0005318170828251553792-0008-cam3-ccd4_tess_v01_llc.fits,COMPLETE,,,8,TIC 93014257,CDIPS
./mastDownload/HLSP/hlsp_cdips_tess_ffi_gaiatwo0005318170828251553792-0009-cam3-ccd3_tess_v01_llc/hlsp_cdips_tess_ffi_gaiatwo0005318170828251553792-0009-cam3-ccd3_tess_v01_llc.fits,COMPLETE,,,9,TIC 93014257,CDIPS
./mastDownload/HLSP/hlsp_qlp_tess_ffi_s0009-0000000093014257_tess_v01_llc/hlsp_qlp_tess_ffi_s0009-0000000093014257_tess_v01_llc.fits,COMPLETE,,,9,TIC 93014257,QLP
./mastDownload/HLSP/hlsp_pathos_tess_lightcurve_tic-0093016462-s0008_tess_v1_llc/hlsp_pathos_tess_lightcurve_tic-0093016462-s0008_tess_v1_llc.fits,COMPLETE,,,8,TIC 93016462,PATHOS
./mastDownload/HLSP/hlsp_pathos_tess_lightcurve_tic-0093016462-s0009_tess_v1_llc/hlsp_pathos_tess_lightcurve_tic-0093016462-s0009_tess_v1_llc.fits,COMPLETE,,,9,TIC 93016462,PATHOS
./mastDownload/HLSP/hlsp_cdips_tess_ffi_gaiatwo0005318079014723994624-0008-cam3-ccd4_tess_v01_llc/hlsp_cdips_tess_ffi_gaiatwo0005318079014723994624-0008-cam3-ccd4_tess_v01_llc.fits,COMPLETE,,,8,TIC 93016462,CDIPS
./mastDownload/HLSP/hlsp_cdips_tess_ffi_gaiatwo0005318079014723994624-0009-cam3-ccd3_tess_v01_llc/hlsp_cdips_tess_ffi_gaiatwo0005318079014723994624-0009-cam3-ccd3_tess_v01_llc.fits,COMPLETE,,,9,TIC 93016462,CDIPS
./mastDownload/HLSP/hlsp_pathos_tess_lightcurve_tic-0093016484-s0008_tess_v1_llc/hlsp_pathos_tess_lightcurve_tic-0093016484-s0008_tess_v1_llc.fits,COMPLETE,,,8,TIC 93016484,PATHOS
./mastDownload/HLSP/hlsp_pathos_tess_lightcurve_tic-0093016484-s0009_tess_v1_llc/hlsp_pathos_tess_lightcurve_tic-0093016484-s0009_tess_v1_llc.fits,COMPLETE,,,9,TIC 93016484,PATHOS
./mastDownload/HLSP/hlsp_cdips_tess_ffi_gaiatwo0005318077507199948672-0008-cam3-ccd4_tess_v01_llc/hlsp_cdips_tess_ffi_gaiatwo0005318077507199948672-0008-cam3-ccd4_tess_v01_llc.fits,COMPLETE,,,8,TIC 93016484,CDIPS
./mastDownload/HLSP/hlsp_cdips_tess_ffi_gaiatwo0005318077507199948672-0009-cam3-ccd3_tess_v01_llc/hlsp_cdips_tess_ffi_gaiatwo0005318077507199948672-0009-cam3-ccd3_tess_v01_llc.fits,COMPLETE,,,9,TIC 93016484,CDIPS
./mastDownload/HLSP/hlsp_qlp_tess_ffi_s0009-0000000093016484_tess_v01_llc/hlsp_qlp_tess_ffi_s0009-0000000093016484_tess_v01_llc.fits,COMPLETE,,,9,TIC 93016484,QLP
./mastDownload/HLSP/hlsp_pathos_tess_lightcurve_tic-0093021329-s0008_tess_v1_llc/hlsp_pathos_tess_lightcurve_tic-0093021329-s0008_tess_v1_llc.fits,COMPLETE,,,8,TIC 93021329,PATHOS
./mastDownload/HLSP/hlsp_pathos_tess_lightcurve_tic-0093021329-s0009_tess_v1_llc/hlsp_pathos_tess_lightcurve_tic-0093021329-s0009_tess_v1_llc.fits,COMPLETE,,,9,TIC 93021329,PATHOS
./mastDownload/HLSP/hlsp_cdips_tess_ffi_gaiatwo0005318185667356683392-0008-cam3-ccd4_tess_v01_llc/hlsp_cdips_tess_ffi_gaiatwo0005318185667356683392-0008-cam3-ccd4_tess_v01_llc.fits,COMPLETE,,,8,TIC 93021329,CDIPS
./mastDownload/HLSP/hlsp_cdips_tess_ffi_gaiatwo0005318185667356683392-0009-cam3-ccd3_tess_v01_llc/hlsp_cdips_tess_ffi_gaiatwo0005318185667356683392-0009-cam3-ccd3_tess_v01_llc.fits,COMPLETE,,,9,TIC 93021329,CDIPS
./mastDownload/HLSP/hlsp_cdips_tess_ffi_gaiatwo0005318185671658160768-0008-cam3-ccd4_tess_v01_llc/hlsp_cdips_tess_ffi_gaiatwo0005318185671658160768-0008-cam3-ccd4_tess_v01_llc.fits,COMPLETE,,,0,TIC 93021329,CDIPS
./mastDownload/HLSP/hlsp_cdips_tess_ffi_gaiatwo0005318185671658160768-0009-cam3-ccd3_tess_v01_llc/hlsp_cdips_tess_ffi_gaiatwo0005318185671658160768-0009-cam3-ccd3_tess_v01_llc.fits,COMPLETE,,,0,TIC 93021329,CDIPS
./mastDownload/HLSP/hlsp_qlp_tess_ffi_s0009-0000000093021319_tess_v01_llc/hlsp_qlp_tess_ffi_s0009-0000000093021319_tess_v01_llc.fits,COMPLETE,,,9,TIC 93021329,QLP
./mastDownload/HLSP/hlsp_qlp_tess_ffi_s0009-0000000093021329_tess_v01_llc/hlsp_qlp_tess_ffi_s0009-0000000093021329_tess_v01_llc.fits,COMPLETE,,,0,TIC 93021329,QLP
./mastDownload/HLSP/hlsp_pathos_tess_lightcurve_tic-0093021434-s0008_tess_v1_llc/hlsp_pathos_tess_lightcurve_tic-0093021434-s0008_tess_v1_llc.fits,COMPLETE,,,8,TIC 93021434,PATHOS
./mastDownload/HLSP/hlsp_pathos_tess_lightcurve_tic-0093021434-s0009_tess_v1_llc/hlsp_pathos_tess_lightcurve_tic-0093021434-s0009_tess_v1_llc.fits,COMPLETE,,,9,TIC 93021434,PATHOS
./mastDownload/HLSP/hlsp_cdips_tess_ffi_gaiatwo0005318185706017892736-0008-cam3-ccd4_tess_v01_llc/hlsp_cdips_tess_ffi_gaiatwo0005318185706017892736-0008-cam3-ccd4_tess_v01_llc.fits,COMPLETE,,,8,TIC 93021434,CDIPS
./mastDownload/HLSP/hlsp_cdips_tess_ffi_gaiatwo0005318185706017892736-0009-cam3-ccd3_tess_v01_llc/hlsp_cdips_tess_ffi_gaiatwo0005318185706017892736-0009-cam3-ccd3_tess_v01_llc.fits,COMPLETE,,,9,TIC 93021434,CDIPS
./mastDownload/HLSP/hlsp_pathos_tess_lightcurve_tic-0093022865-s0008_tess_v1_llc/hlsp_pathos_tess_lightcurve_tic-0093022865-s0008_tess_v1_llc.fits,COMPLETE,,,8,TIC 93022865,PATHOS
./mastDownload/HLSP/hlsp_cdips_tess_ffi_gaiatwo0005321572442349020160-0008-cam3-ccd4_tess_v01_llc/hlsp_cdips_tess_ffi_gaiatwo0005321572442349020160-0008-cam3-ccd4_tess_v01_llc.fits,COMPLETE,,,8,TIC 93022865,CDIPS
./mastDownload/HLSP/hlsp_cdips_tess_ffi_gaiatwo0005321572442349020160-0009-cam3-ccd3_tess_v01_llc/hlsp_cdips_tess_ffi_gaiatwo0005321572442349020160-0009-cam3-ccd3_tess_v01_llc.fits,COMPLETE,,,9,TIC 93022865,CDIPS
./mastDownload/HLSP/hlsp_pathos_tess_lightcurve_tic-0093265597-s0008_tess_v1_llc/hlsp_pathos_tess_lightcurve_tic-0093265597-s0008_tess_v1_llc.fits,COMPLETE,,,8,TIC 93265597,PATHOS
./mastDownload/HLSP/hlsp_cdips_tess_ffi_gaiatwo0005321600445535344000-0008-cam3-ccd4_tess_v01_llc/hlsp_cdips_tess_ffi_gaiatwo0005321600445535344000-0008-cam3-ccd4_tess_v01_llc.fits,COMPLETE,,,8,TIC 93265597,CDIPS
./mastDownload/HLSP/hlsp_pathos_tess_lightcurve_tic-0093266844-s0008_tess_v1_llc/hlsp_pathos_tess_lightcurve_tic-0093266844-s0008_tess_v1_llc.fits,COMPLETE,,,8,TIC 93266844,PATHOS
./mastDownload/HLSP/hlsp_cdips_tess_ffi_gaiatwo0005321573370061907072-0008-cam3-ccd4_tess_v01_llc/hlsp_cdips_tess_ffi_gaiatwo0005321573370061907072-0008-cam3-ccd4_tess_v01_llc.fits,COMPLETE,,,8,TIC 93266844,CDIPS
./mastDownload/HLSP/hlsp_pathos_tess_lightcurve_tic-0093267406-s0008_tess_v1_llc/hlsp_pathos_tess_lightcurve_tic-0093267406-s0008_tess_v1_llc.fits,COMPLETE,,,8,TIC 93267406,PATHOS
./mastDownload/HLSP/hlsp_cdips_tess_ffi_gaiatwo0005318565651704167680-0008-cam3-ccd4_tess_v01_llc/hlsp_cdips_tess_ffi_gaiatwo0005318565651704167680-0008-cam3-ccd4_tess_v01_llc.fits,COMPLETE,,,8,TIC 93267406,CDIPS
./mastDownload/HLSP/hlsp_cdips_tess_ffi_gaiatwo0005318565651704167680-0009-cam3-ccd3_tess_v01_llc/hlsp_cdips_tess_ffi_gaiatwo0005318565651704167680-0009-cam3-ccd3_tess_v01_llc.fits,COMPLETE,,,9,TIC 93267406,CDIPS
./mastDownload/HLSP/hlsp_cdips_tess_ffi_gaiatwo0005318565656005527936-0008-cam3-ccd4_tess_v01_llc/hlsp_cdips_tess_ffi_gaiatwo0005318565656005527936-0008-cam3-ccd4_tess_v01_llc.fits,COMPLETE,,,0,TIC 93267406,CDIPS
./mastDownload/HLSP/hlsp_cdips_tess_ffi_gaiatwo0005318565656005527936-0009-cam3-ccd3_tess_v01_llc/hlsp_cdips_tess_ffi_gaiatwo0005318565656005527936-0009-cam3-ccd3_tess_v01_llc.fits,COMPLETE,,,0,TIC 93267406,CDIPS
./mastDownload/HLSP/hlsp_qlp_tess_ffi_s0009-0000000093267406_tess_v01_llc/hlsp_qlp_tess_ffi_s0009-0000000093267406_tess_v01_llc.fits,COMPLETE,,,9,TIC 93267406,QLP
./mastDownload/HLSP/hlsp_qlp_tess_ffi_s0009-0000000093267408_tess_v01_llc/hlsp_qlp_tess_ffi_s0009-0000000093267408_tess_v01_llc.fits,COMPLETE,,,0,TIC 93267406,QLP
./mastDownload/HLSP/hlsp_pathos_tess_lightcurve_tic-0093267903-s0008_tess_v1_llc/hlsp_pathos_tess_lightcurve_tic-0093267903-s0008_tess_v1_llc.fits,COMPLETE,,,8,TIC 93267903,PATHOS
./mastDownload/HLSP/hlsp_pathos_tess_lightcurve_tic-0093267903-s0009_tess_v1_llc/hlsp_pathos_tess_lightcurve_tic-0093267903-s0009_tess_v1_llc.fits,COMPLETE,,,9,TIC 93267903,PATHOS
./mastDownload/HLSP/hlsp_cdips_tess_ffi_gaiatwo0005318187007391037184-0008-cam3-ccd4_tess_v01_llc/hlsp_cdips_tess_ffi_gaiatwo0005318187007391037184-0008-cam3-ccd4_tess_v01_llc.fits,COMPLETE,,,8,TIC 93267903,CDIPS
./mastDownload/HLSP/hlsp_cdips_tess_ffi_gaiatwo0005318187007391037184-0009-cam3-ccd3_tess_v01_llc/hlsp_cdips_tess_ffi_gaiatwo0005318187007391037184-0009-cam3-ccd3_tess_v01_llc.fits,COMPLETE,,,9,TIC 93267903,CDIPS
./mastDownload/HLSP/hlsp_pathos_tess_lightcurve_tic-0093268062-s0008_tess_v1_llc/hlsp_pathos_tess_lightcurve_tic-0093268062-s0008_tess_v1_llc.fits,COMPLETE,,,8,TIC 93268062,PATHOS
./mastDownload/HLSP/hlsp_pathos_tess_lightcurve_tic-0093268062-s0009_tess_v1_llc/hlsp_pathos_tess_lightcurve_tic-0093268062-s0009_tess_v1_llc.fits,COMPLETE,,,9,TIC 93268062,PATHOS
./mastDownload/HLSP/hlsp_cdips_tess_ffi_gaiatwo0005318186565011453056-0008-cam3-ccd4_tess_v01_llc/hlsp_cdips_tess_ffi_gaiatwo0005318186565011453056-0008-cam3-ccd4_tess_v01_llc.fits,COMPLETE,,,8,TIC 93268062,CDIPS
./mastDownload/HLSP/hlsp_cdips_tess_ffi_gaiatwo0005318186565011453056-0009-cam3-ccd3_tess_v01_llc/hlsp_cdips_tess_ffi_gaiatwo0005318186565011453056-0009-cam3-ccd3_tess_v01_llc.fits,COMPLETE,,,9,TIC 93268062,CDIPS
./mastDownload/HLSP/hlsp_pathos_tess_lightcurve_tic-0093268096-s0008_tess_v1_llc/hlsp_pathos_tess_lightcurve_tic-0093268096-s0008_tess_v1_llc.fits,COMPLETE,,,8,TIC 93268096,PATHOS
./mastDownload/HLSP/hlsp_pathos_tess_lightcurve_tic-0093268096-s0009_tess_v1_llc/hlsp_pathos_tess_lightcurve_tic-0093268096-s0009_tess_v1_llc.fits,COMPLETE,,,9,TIC 93268096,PATHOS
./mastDownload/HLSP/hlsp_cdips_tess_ffi_gaiatwo0005318186221414047104-0008-cam3-ccd4_tess_v01_llc/hlsp_cdips_tess_ffi_gaiatwo0005318186221414047104-0008-cam3-ccd4_tess_v01_llc.fits,COMPLETE,,,8,TIC 93268096,CDIPS
./mastDownload/HLSP/hlsp_cdips_tess_ffi_gaiatwo0005318186221414047104-0009-cam3-ccd3_tess_v01_llc/hlsp_cdips_tess_ffi_gaiatwo0005318186221414047104-0009-cam3-ccd3_tess_v01_llc.fits,COMPLETE,,,9,TIC 93268096,CDIPS
./mastDownload/HLSP/hlsp_qlp_tess_ffi_s0009-0000000093268096_tess_v01_llc/hlsp_qlp_tess_ffi_s0009-0000000093268096_tess_v01_llc.fits,COMPLETE,,,9,TIC 93268096,QLP
./mastDownload/HLSP/hlsp_pathos_tess_lightcurve_tic-0093268140-s0008_tess_v1_llc/hlsp_pathos_tess_lightcurve_tic-0093268140-s0008_tess_v1_llc.fits,COMPLETE,,,8,TIC 93268140,PATHOS
./mastDownload/HLSP/hlsp_pathos_tess_lightcurve_tic-0093268140-s0009_tess_v1_llc/hlsp_pathos_tess_lightcurve_tic-0093268140-s0009_tess_v1_llc.fits,COMPLETE,,,9,TIC 93268140,PATHOS
./mastDownload/HLSP/hlsp_cdips_tess_ffi_gaiatwo0005318182648001349248-0008-cam3-ccd4_tess_v01_llc/hlsp_cdips_tess_ffi_gaiatwo0005318182648001349248-0008-cam3-ccd4_tess_v01_llc.fits,COMPLETE,,,8,TIC 93268140,CDIPS
./mastDownload/HLSP/hlsp_cdips_tess_ffi_gaiatwo0005318182648001349248-0009-cam3-ccd3_tess_v01_llc/hlsp_cdips_tess_ffi_gaiatwo0005318182648001349248-0009-cam3-ccd3_tess_v01_llc.fits,COMPLETE,,,9,TIC 93268140,CDIPS
./mastDownload/HLSP/hlsp_qlp_tess_ffi_s0009-0000000093268140_tess_v01_llc/hlsp_qlp_tess_ffi_s0009-0000000093268140_tess_v01_llc.fits,COMPLETE,,,9,TIC 93268140,QLP
./mastDownload/HLSP/hlsp_pathos_tess_lightcurve_tic-0093268298-s0008_tess_v1_llc/hlsp_pathos_tess_lightcurve_tic-0093268298-s0008_tess_v1_llc.fits,COMPLETE,,,8,TIC 93268298,PATHOS
./mastDownload/HLSP/hlsp_pathos_tess_lightcurve_tic-0093268298-s0009_tess_v1_llc/hlsp_pathos_tess_lightcurve_tic-0093268298-s0009_tess_v1_llc.fits,COMPLETE,,,9,TIC 93268298,PATHOS
./mastDownload/HLSP/hlsp_cdips_tess_ffi_gaiatwo0005318182197020586112-0008-cam3-ccd4_tess_v01_llc/hlsp_cdips_tess_ffi_gaiatwo0005318182197020586112-0008-cam3-ccd4_tess_v01_llc.fits,COMPLETE,,,8,TIC 93268298,CDIPS
./mastDownload/HLSP/hlsp_cdips_tess_ffi_gaiatwo0005318182197023848448-0008-cam3-ccd4_tess_v01_llc/hlsp_cdips_tess_ffi_gaiatwo0005318182197023848448-0008-cam3-ccd4_tess_v01_llc.fits,COMPLETE,,,0,TIC 93268298,CDIPS
./mastDownload/HLSP/hlsp_pathos_tess_lightcurve_tic-0093268933-s0008_tess_v1_llc/hlsp_pathos_tess_lightcurve_tic-0093268933-s0008_tess_v1_llc.fits,COMPLETE,,,8,TIC 93268933,PATHOS
./mastDownload/HLSP/hlsp_pathos_tess_lightcurve_tic-0093268933-s0009_tess_v1_llc/hlsp_pathos_tess_lightcurve_tic-0093268933-s0009_tess_v1_llc.fits,COMPLETE,,,9,TIC 93268933,PATHOS
./mastDownload/HLSP/hlsp_cdips_tess_ffi_gaiatwo0005318160692128568320-0008-cam3-ccd4_tess_v01_llc/hlsp_cdips_tess_ffi_gaiatwo0005318160692128568320-0008-cam3-ccd4_tess_v01_llc.fits,COMPLETE,,,8,TIC 93268933,CDIPS
./mastDownload/HLSP/hlsp_cdips_tess_ffi_gaiatwo0005318160692128568320-0009-cam3-ccd3_tess_v01_llc/hlsp_cdips_tess_ffi_gaiatwo0005318160692128568320-0009-cam3-ccd3_tess_v01_llc.fits,COMPLETE,,,9,TIC 93268933,CDIPS
./mastDownload/HLSP/hlsp_cdips_tess_ffi_gaiatwo0005318160692128569472-0008-cam3-ccd4_tess_v01_llc/hlsp_cdips_tess_ffi_gaiatwo0005318160692128569472-0008-cam3-ccd4_tess_v01_llc.fits,COMPLETE,,,0,TIC 93268933,CDIPS
./mastDownload/HLSP/hlsp_cdips_tess_ffi_gaiatwo0005318160692128569472-0009-cam3-ccd3_tess_v01_llc/hlsp_cdips_tess_ffi_gaiatwo0005318160692128569472-0009-cam3-ccd3_tess_v01_llc.fits,COMPLETE,,,0,TIC 93268933,CDIPS
./mastDownload/HLSP/hlsp_pathos_tess_lightcurve_tic-0093269120-s0008_tess_v1_llc/hlsp_pathos_tess_lightcurve_tic-0093269120-s0008_tess_v1_llc.fits,COMPLETE,,,8,TIC 93269120,PATHOS
./mastDownload/HLSP/hlsp_pathos_tess_lightcurve_tic-0093269120-s0009_tess_v1_llc/hlsp_pathos_tess_lightcurve_tic-0093269120-s0009_tess_v1_llc.fits,COMPLETE,,,9,TIC 93269120,PATHOS
./mastDownload/HLSP/hlsp_cdips_tess_ffi_gaiatwo0005318162130932518912-0008-cam3-ccd4_tess_v01_llc/hlsp_cdips_tess_ffi_gaiatwo0005318162130932518912-0008-cam3-ccd4_tess_v01_llc.fits,COMPLETE,,,8,TIC 93269120,CDIPS
./mastDownload/HLSP/hlsp_cdips_tess_ffi_gaiatwo0005318162130932518912-0009-cam3-ccd3_tess_v01_llc/hlsp_cdips_tess_ffi_gaiatwo0005318162130932518912-0009-cam3-ccd3_tess_v01_llc.fits,COMPLETE,,,9,TIC 93269120,CDIPS
./mastDownload/HLSP/hlsp_cdips_tess_ffi_gaiatwo0005318162238316886528-0008-cam3-ccd4_tess_v01_llc/hlsp_cdips_tess_ffi_gaiatwo0005318162238316886528-0008-cam3-ccd4_tess_v01_llc.fits,COMPLETE,,,0,TIC 93269120,CDIPS
./mastDownload/HLSP/hlsp_cdips_tess_ffi_gaiatwo0005318162238316886528-0009-cam3-ccd3_tess_v01_llc/hlsp_cdips_tess_ffi_gaiatwo0005318162238316886528-0009-cam3-ccd3_tess_v01_llc.fits,COMPLETE,,,0,TIC 93269120,CDIPS
./mastDownload/HLSP/hlsp_qlp_tess_ffi_s0009-0000000093269120_tess_v01_llc/hlsp_qlp_tess_ffi_s0009-0000000093269120_tess_v01_llc.fits,COMPLETE,,,9,TIC 93269120,QLP
./mastDownload/HLSP/hlsp_pathos_tess_lightcurve_tic-0093270923-s0008_tess_v1_llc/hlsp_pathos_tess_lightcurve_tic-0093270923-s0008_tess_v1_llc.fits,COMPLETE,,,8,TIC 93270923,PATHOS
./mastDownload/HLSP/hlsp_pathos_tess_lightcurve_tic-0093270923-s0009_tess_v1_llc/hlsp_pathos_tess_lightcurve_tic-0093270923-s0009_tess_v1_llc.fits,COMPLETE,,,9,TIC 93270923,PATHOS
./mastDownload/HLSP/hlsp_cdips_tess_ffi_gaiatwo0005318059532750974720-0008-cam3-ccd4_tess_v01_llc/hlsp_cdips_tess_ffi_gaiatwo0005318059532750974720-0008-cam3-ccd4_tess_v01_llc.fits,COMPLETE,,,8,TIC 93270923,CDIPS
./mastDownload/HLSP/hlsp_cdips_tess_ffi_gaiatwo0005318059532750974720-0009-cam3-ccd3_tess_v01_llc/hlsp_cdips_tess_ffi_gaiatwo0005318059532750974720-0009-cam3-ccd3_tess_v01_llc.fits,COMPLETE,,,9,TIC 93270923,CDIPS
./mastDownload/HLSP/hlsp_qlp_tess_ffi_s0009-0000000093270923_tess_v01_llc/hlsp_qlp_tess_ffi_s0009-0000000093270923_tess_v01_llc.fits,COMPLETE,,,9,TIC 93270923,QLP
./mastDownload/HLSP/hlsp_pathos_tess_lightcurve_tic-0093272005-s0008_tess_v1_llc/hlsp_pathos_tess_lightcurve_tic-0093272005-s0008_tess_v1_llc.fits,COMPLETE,,,8,TIC 93272005,PATHOS
./mastDownload/HLSP/hlsp_pathos_tess_lightcurve_tic-0093272005-s0009_tess_v1_llc/hlsp_pathos_tess_lightcurve_tic-0093272005-s0009_tess_v1_llc.fits,COMPLETE,,,9,TIC 93272005,PATHOS
./mastDownload/HLSP/hlsp_cdips_tess_ffi_gaiatwo0005318104307796222464-0008-cam3-ccd4_tess_v01_llc/hlsp_cdips_tess_ffi_gaiatwo0005318104307796222464-0008-cam3-ccd4_tess_v01_llc.fits,COMPLETE,,,8,TIC 93272005,CDIPS
./mastDownload/HLSP/hlsp_pathos_tess_lightcurve_tic-0093273595-s0008_tess_v1_llc/hlsp_pathos_tess_lightcurve_tic-0093273595-s0008_tess_v1_llc.fits,COMPLETE,,,8,TIC 93273595,PATHOS
./mastDownload/HLSP/hlsp_pathos_tess_lightcurve_tic-0093273595-s0009_tess_v1_llc/hlsp_pathos_tess_lightcurve_tic-0093273595-s0009_tess_v1_llc.fits,COMPLETE,,,9,TIC 93273595,PATHOS
./mastDownload/HLSP/hlsp_pathos_tess_lightcurve_tic-0093275001-s0008_tess_v1_llc/hlsp_pathos_tess_lightcurve_tic-0093275001-s0008_tess_v1_llc.fits,COMPLETE,,,8,TIC 93275001,PATHOS
./mastDownload/HLSP/hlsp_cdips_tess_ffi_gaiatwo0005321575122408647552-0008-cam3-ccd4_tess_v01_llc/hlsp_cdips_tess_ffi_gaiatwo0005321575122408647552-0008-cam3-ccd4_tess_v01_llc.fits,COMPLETE,,,8,TIC 93275001,CDIPS
./mastDownload/HLSP/hlsp_pathos_tess_lightcurve_tic-0093275779-s0008_tess_v1_llc/hlsp_pathos_tess_lightcurve_tic-0093275779-s0008_tess_v1_llc.fits,COMPLETE,,,8,TIC 93275779,PATHOS
./mastDownload/HLSP/hlsp_cdips_tess_ffi_gaiatwo0005321581959996214016-0008-cam3-ccd4_tess_v01_llc/hlsp_cdips_tess_ffi_gaiatwo0005321581959996214016-0008-cam3-ccd4_tess_v01_llc.fits,COMPLETE,,,8,TIC 93275779,CDIPS
./mastDownload/HLSP/hlsp_pathos_tess_lightcurve_tic-0093276234-s0008_tess_v1_llc/hlsp_pathos_tess_lightcurve_tic-0093276234-s0008_tess_v1_llc.fits,COMPLETE,,,8,TIC 93276234,PATHOS
./mastDownload/HLSP/hlsp_cdips_tess_ffi_gaiatwo0005321618724917007104-0008-cam3-ccd4_tess_v01_llc/hlsp_cdips_tess_ffi_gaiatwo0005321618724917007104-0008-cam3-ccd4_tess_v01_llc.fits,COMPLETE,,,8,TIC 93276234,CDIPS
./mastDownload/HLSP/hlsp_pathos_tess_lightcurve_tic-0093548114-s0008_tess_v1_llc/hlsp_pathos_tess_lightcurve_tic-0093548114-s0008_tess_v1_llc.fits,COMPLETE,,,8,TIC 93548114,PATHOS
./mastDownload/HLSP/hlsp_cdips_tess_ffi_gaiatwo0005318571840758892288-0008-cam3-ccd4_tess_v01_llc/hlsp_cdips_tess_ffi_gaiatwo0005318571840758892288-0008-cam3-ccd4_tess_v01_llc.fits,COMPLETE,,,8,TIC 93548114,CDIPS
./mastDownload/HLSP/hlsp_pathos_tess_lightcurve_tic-0093549226-s0008_tess_v1_llc/hlsp_pathos_tess_lightcurve_tic-0093549226-s0008_tess_v1_llc.fits,COMPLETE,,,8,TIC 93549226,PATHOS
./mastDownload/HLSP/hlsp_qlp_tess_ffi_s0009-0000000093549226_tess_v01_llc/hlsp_qlp_tess_ffi_s0009-0000000093549226_tess_v01_llc.fits,COMPLETE,,,9,TIC 93549226,QLP
./mastDownload/HLSP/hlsp_pathos_tess_lightcurve_tic-0093549309-s0008_tess_v1_llc/hlsp_pathos_tess_lightcurve_tic-0093549309-s0008_tess_v1_llc.fits,COMPLETE,,,8,TIC 93549309,PATHOS
./mastDownload/HLSP/hlsp_pathos_tess_lightcurve_tic-0093549309-s0009_tess_v1_llc/hlsp_pathos_tess_lightcurve_tic-0093549309-s0009_tess_v1_llc.fits,COMPLETE,,,9,TIC 93549309,PATHOS
./mastDownload/HLSP/hlsp_qlp_tess_ffi_s0009-0000000093549309_tess_v01_llc/hlsp_qlp_tess_ffi_s0009-0000000093549309_tess_v01_llc.fits,COMPLETE,,,9,TIC 93549309,QLP
./mastDownload/HLSP/hlsp_pathos_tess_lightcurve_tic-0093549861-s0008_tess_v1_llc/hlsp_pathos_tess_lightcurve_tic-0093549861-s0008_tess_v1_llc.fits,COMPLETE,,,8,TIC 93549861,PATHOS
./mastDownload/HLSP/hlsp_pathos_tess_lightcurve_tic-0093549861-s0009_tess_v1_llc/hlsp_pathos_tess_lightcurve_tic-0093549861-s0009_tess_v1_llc.fits,COMPLETE,,,9,TIC 93549861,PATHOS
./mastDownload/HLSP/hlsp_cdips_tess_ffi_gaiatwo0005318493260034937984-0008-cam3-ccd4_tess_v01_llc/hlsp_cdips_tess_ffi_gaiatwo0005318493260034937984-0008-cam3-ccd4_tess_v01_llc.fits,COMPLETE,,,8,TIC 93549861,CDIPS
./mastDownload/HLSP/hlsp_cdips_tess_ffi_gaiatwo0005318493260034937984-0009-cam3-ccd3_tess_v01_llc/hlsp_cdips_tess_ffi_gaiatwo0005318493260034937984-0009-cam3-ccd3_tess_v01_llc.fits,COMPLETE,,,9,TIC 93549861,CDIPS
./mastDownload/HLSP/hlsp_qlp_tess_ffi_s0009-0000000093549861_tess_v01_llc/hlsp_qlp_tess_ffi_s0009-0000000093549861_tess_v01_llc.fits,COMPLETE,,,9,TIC 93549861,QLP
./mastDownload/HLSP/hlsp_pathos_tess_lightcurve_tic-0093549955-s0008_tess_v1_llc/hlsp_pathos_tess_lightcurve_tic-0093549955-s0008_tess_v1_llc.fits,COMPLETE,,,8,TIC 93549955,PATHOS
./mastDownload/HLSP/hlsp_pathos_tess_lightcurve_tic-0093549955-s0009_tess_v1_llc/hlsp_pathos_tess_lightcurve_tic-0093549955-s0009_tess_v1_llc.fits,COMPLETE,,,9,TIC 93549955,PATHOS
./mastDownload/HLSP/hlsp_pathos_tess_lightcurve_tic-0093550090-s0008_tess_v1_llc/hlsp_pathos_tess_lightcurve_tic-0093550090-s0008_tess_v1_llc.fits,COMPLETE,,,8,TIC 93550090,PATHOS
./mastDownload/HLSP/hlsp_pathos_tess_lightcurve_tic-0093550090-s0009_tess_v1_llc/hlsp_pathos_tess_lightcurve_tic-0093550090-s0009_tess_v1_llc.fits,COMPLETE,,,9,TIC 93550090,PATHOS
./mastDownload/HLSP/hlsp_cdips_tess_ffi_gaiatwo0005318117639374579712-0008-cam3-ccd4_tess_v01_llc/hlsp_cdips_tess_ffi_gaiatwo0005318117639374579712-0008-cam3-ccd4_tess_v01_llc.fits,COMPLETE,,,8,TIC 93550090,CDIPS
./mastDownload/HLSP/hlsp_cdips_tess_ffi_gaiatwo0005318117639374579712-0009-cam3-ccd3_tess_v01_llc/hlsp_cdips_tess_ffi_gaiatwo0005318117639374579712-0009-cam3-ccd3_tess_v01_llc.fits,COMPLETE,,,9,TIC 93550090,CDIPS
./mastDownload/HLSP/hlsp_cdips_tess_ffi_gaiatwo0005318117639374581760-0008-cam3-ccd4_tess_v01_llc/hlsp_cdips_tess_ffi_gaiatwo0005318117639374581760-0008-cam3-ccd4_tess_v01_llc.fits,COMPLETE,,,0,TIC 93550090,CDIPS
./mastDownload/HLSP/hlsp_cdips_tess_ffi_gaiatwo0005318117639374581760-0009-cam3-ccd3_tess_v01_llc/hlsp_cdips_tess_ffi_gaiatwo0005318117639374581760-0009-cam3-ccd3_tess_v01_llc.fits,COMPLETE,,,0,TIC 93550090,CDIPS
./mastDownload/HLSP/hlsp_pathos_tess_lightcurve_tic-0093550269-s0008_tess_v1_llc/hlsp_pathos_tess_lightcurve_tic-0093550269-s0008_tess_v1_llc.fits,COMPLETE,,,8,TIC 93550269,PATHOS
./mastDownload/HLSP/hlsp_pathos_tess_lightcurve_tic-0093550269-s0009_tess_v1_llc/hlsp_pathos_tess_lightcurve_tic-0093550269-s0009_tess_v1_llc.fits,COMPLETE,,,9,TIC 93550269,PATHOS
./mastDownload/HLSP/hlsp_cdips_tess_ffi_gaiatwo0005318116299344817024-0008-cam3-ccd4_tess_v01_llc/hlsp_cdips_tess_ffi_gaiatwo0005318116299344817024-0008-cam3-ccd4_tess_v01_llc.fits,COMPLETE,,,8,TIC 93550269,CDIPS
./mastDownload/HLSP/hlsp_cdips_tess_ffi_gaiatwo0005318116299344817024-0009-cam3-ccd3_tess_v01_llc/hlsp_cdips_tess_ffi_gaiatwo0005318116299344817024-0009-cam3-ccd3_tess_v01_llc.fits,COMPLETE,,,9,TIC 93550269,CDIPS
./mastDownload/HLSP/hlsp_pathos_tess_lightcurve_tic-0093550295-s0008_tess_v1_llc/hlsp_pathos_tess_lightcurve_tic-0093550295-s0008_tess_v1_llc.fits,COMPLETE,,,8,TIC 93550295,PATHOS
./mastDownload/HLSP/hlsp_pathos_tess_lightcurve_tic-0093550295-s0009_tess_v1_llc/hlsp_pathos_tess_lightcurve_tic-0093550295-s0009_tess_v1_llc.fits,COMPLETE,,,9,TIC 93550295,PATHOS
./mastDownload/HLSP/hlsp_cdips_tess_ffi_gaiatwo0005318116127546214400-0008-cam3-ccd4_tess_v01_llc/hlsp_cdips_tess_ffi_gaiatwo0005318116127546214400-0008-cam3-ccd4_tess_v01_llc.fits,COMPLETE,,,8,TIC 93550295,CDIPS
./mastDownload/HLSP/hlsp_cdips_tess_ffi_gaiatwo0005318116127546214400-0009-cam3-ccd3_tess_v01_llc/hlsp_cdips_tess_ffi_gaiatwo0005318116127546214400-0009-cam3-ccd3_tess_v01_llc.fits,COMPLETE,,,9,TIC 93550295,CDIPS
./mastDownload/HLSP/hlsp_qlp_tess_ffi_s0009-0000000093550295_tess_v01_llc/hlsp_qlp_tess_ffi_s0009-0000000093550295_tess_v01_llc.fits,COMPLETE,,,9,TIC 93550295,QLP
./mastDownload/HLSP/hlsp_pathos_tess_lightcurve_tic-0093550659-s0008_tess_v1_llc/hlsp_pathos_tess_lightcurve_tic-0093550659-s0008_tess_v1_llc.fits,COMPLETE,,,8,TIC 93550659,PATHOS
./mastDownload/HLSP/hlsp_pathos_tess_lightcurve_tic-0093550659-s0009_tess_v1_llc/hlsp_pathos_tess_lightcurve_tic-0093550659-s0009_tess_v1_llc.fits,COMPLETE,,,9,TIC 93550659,PATHOS
./mastDownload/HLSP/hlsp_cdips_tess_ffi_gaiatwo0005318111557701045248-0008-cam3-ccd4_tess_v01_llc/hlsp_cdips_tess_ffi_gaiatwo0005318111557701045248-0008-cam3-ccd4_tess_v01_llc.fits,COMPLETE,,,8,TIC 93550659,CDIPS
./mastDownload/HLSP/hlsp_cdips_tess_ffi_gaiatwo0005318111557701045248-0009-cam3-ccd3_tess_v01_llc/hlsp_cdips_tess_ffi_gaiatwo0005318111557701045248-0009-cam3-ccd3_tess_v01_llc.fits,COMPLETE,,,9,TIC 93550659,CDIPS
./mastDownload/HLSP/hlsp_pathos_tess_lightcurve_tic-0093550865-s0008_tess_v1_llc/hlsp_pathos_tess_lightcurve_tic-0093550865-s0008_tess_v1_llc.fits,COMPLETE,,,8,TIC 93550865,PATHOS
./mastDownload/HLSP/hlsp_pathos_tess_lightcurve_tic-0093550865-s0009_tess_v1_llc/hlsp_pathos_tess_lightcurve_tic-0093550865-s0009_tess_v1_llc.fits,COMPLETE,,,9,TIC 93550865,PATHOS
./mastDownload/HLSP/hlsp_cdips_tess_ffi_gaiatwo0005318097916884923520-0008-cam3-ccd4_tess_v01_llc/hlsp_cdips_tess_ffi_gaiatwo0005318097916884923520-0008-cam3-ccd4_tess_v01_llc.fits,COMPLETE,,,8,TIC 93550865,CDIPS
./mastDownload/HLSP/hlsp_cdips_tess_ffi_gaiatwo0005318097916884923520-0009-cam3-ccd3_tess_v01_llc/hlsp_cdips_tess_ffi_gaiatwo0005318097916884923520-0009-cam3-ccd3_tess_v01_llc.fits,COMPLETE,,,9,TIC 93550865,CDIPS
./mastDownload/HLSP/hlsp_qlp_tess_ffi_s0009-0000000093550865_tess_v01_llc/hlsp_qlp_tess_ffi_s0009-0000000093550865_tess_v01_llc.fits,COMPLETE,,,9,TIC 93550865,QLP
./mastDownload/HLSP/hlsp_pathos_tess_lightcurve_tic-0093551386-s0008_tess_v1_llc/hlsp_pathos_tess_lightcurve_tic-0093551386-s0008_tess_v1_llc.fits,COMPLETE,,,8,TIC 93551386,PATHOS
./mastDownload/HLSP/hlsp_pathos_tess_lightcurve_tic-0093551386-s0009_tess_v1_llc/hlsp_pathos_tess_lightcurve_tic-0093551386-s0009_tess_v1_llc.fits,COMPLETE,,,9,TIC 93551386,PATHOS
./mastDownload/HLSP/hlsp_cdips_tess_ffi_gaiatwo0005318092591125652608-0008-cam3-ccd4_tess_v01_llc/hlsp_cdips_tess_ffi_gaiatwo0005318092591125652608-0008-cam3-ccd4_tess_v01_llc.fits,COMPLETE,,,8,TIC 93551386,CDIPS
./mastDownload/HLSP/hlsp_cdips_tess_ffi_gaiatwo0005318092591125652608-0009-cam3-ccd3_tess_v01_llc/hlsp_cdips_tess_ffi_gaiatwo0005318092591125652608-0009-cam3-ccd3_tess_v01_llc.fits,COMPLETE,,,9,TIC 93551386,CDIPS
./mastDownload/HLSP/hlsp_pathos_tess_lightcurve_tic-0093552710-s0008_tess_v1_llc/hlsp_pathos_tess_lightcurve_tic-0093552710-s0008_tess_v1_llc.fits,COMPLETE,,,8,TIC 93552710,PATHOS
./mastDownload/HLSP/hlsp_pathos_tess_lightcurve_tic-0093552710-s0009_tess_v1_llc/hlsp_pathos_tess_lightcurve_tic-0093552710-s0009_tess_v1_llc.fits,COMPLETE,,,9,TIC 93552710,PATHOS
./mastDownload/HLSP/hlsp_cdips_tess_ffi_gaiatwo0005317904162322274688-0008-cam3-ccd4_tess_v01_llc/hlsp_cdips_tess_ffi_gaiatwo0005317904162322274688-0008-cam3-ccd4_tess_v01_llc.fits,COMPLETE,,,8,TIC 93552710,CDIPS
./mastDownload/HLSP/hlsp_cdips_tess_ffi_gaiatwo0005317904162322274688-0009-cam3-ccd3_tess_v01_llc/hlsp_cdips_tess_ffi_gaiatwo0005317904162322274688-0009-cam3-ccd3_tess_v01_llc.fits,COMPLETE,,,9,TIC 93552710,CDIPS
./mastDownload/HLSP/hlsp_pathos_tess_lightcurve_tic-0093553696-s0008_tess_v1_llc/hlsp_pathos_tess_lightcurve_tic-0093553696-s0008_tess_v1_llc.fits,COMPLETE,,,8,TIC 93553696,PATHOS
./mastDownload/HLSP/hlsp_pathos_tess_lightcurve_tic-0093553696-s0009_tess_v1_llc/hlsp_pathos_tess_lightcurve_tic-0093553696-s0009_tess_v1_llc.fits,COMPLETE,,,9,TIC 93553696,PATHOS
./mastDownload/HLSP/hlsp_cdips_tess_ffi_gaiatwo0005318112004377552768-0008-cam3-ccd4_tess_v01_llc/hlsp_cdips_tess_ffi_gaiatwo0005318112004377552768-0008-cam3-ccd4_tess_v01_llc.fits,COMPLETE,,,8,TIC 93553696,CDIPS
./mastDownload/HLSP/hlsp_cdips_tess_ffi_gaiatwo0005318112004377552768-0009-cam3-ccd3_tess_v01_llc/hlsp_cdips_tess_ffi_gaiatwo0005318112004377552768-0009-cam3-ccd3_tess_v01_llc.fits,COMPLETE,,,9,TIC 93553696,CDIPS
./mastDownload/HLSP/hlsp_pathos_tess_lightcurve_tic-0093554205-s0008_tess_v1_llc/hlsp_pathos_tess_lightcurve_tic-0093554205-s0008_tess_v1_llc.fits,COMPLETE,,,8,TIC 93554205,PATHOS
./mastDownload/HLSP/hlsp_pathos_tess_lightcurve_tic-0093554205-s0009_tess_v1_llc/hlsp_pathos_tess_lightcurve_tic-0093554205-s0009_tess_v1_llc.fits,COMPLETE,,,9,TIC 93554205,PATHOS
./mastDownload/HLSP/hlsp_cdips_tess_ffi_gaiatwo0005318492224939330944-0008-cam3-ccd4_tess_v01_llc/hlsp_cdips_tess_ffi_gaiatwo0005318492224939330944-0008-cam3-ccd4_tess_v01_llc.fits,COMPLETE,,,8,TIC 93554205,CDIPS
./mastDownload/HLSP/hlsp_cdips_tess_ffi_gaiatwo0005318492224939330944-0009-cam3-ccd3_tess_v01_llc/hlsp_cdips_tess_ffi_gaiatwo0005318492224939330944-0009-cam3-ccd3_tess_v01_llc.fits,COMPLETE,,,9,TIC 93554205,CDIPS
./mastDownload/HLSP/hlsp_pathos_tess_lightcurve_tic-0093554453-s0008_tess_v1_llc/hlsp_pathos_tess_lightcurve_tic-0093554453-s0008_tess_v1_llc.fits,COMPLETE,,,8,TIC 93554453,PATHOS
./mastDownload/HLSP/hlsp_pathos_tess_lightcurve_tic-0093554453-s0009_tess_v1_llc/hlsp_pathos_tess_lightcurve_tic-0093554453-s0009_tess_v1_llc.fits,COMPLETE,,,9,TIC 93554453,PATHOS
./mastDownload/HLSP/hlsp_cdips_tess_ffi_gaiatwo0005318492744638910848-0008-cam3-ccd4_tess_v01_llc/hlsp_cdips_tess_ffi_gaiatwo0005318492744638910848-0008-cam3-ccd4_tess_v01_llc.fits,COMPLETE,,,8,TIC 93554453,CDIPS
./mastDownload/HLSP/hlsp_cdips_tess_ffi_gaiatwo0005318492744638910848-0009-cam3-ccd3_tess_v01_llc/hlsp_cdips_tess_ffi_gaiatwo0005318492744638910848-0009-cam3-ccd3_tess_v01_llc.fits,COMPLETE,,,9,TIC 93554453,CDIPS
./mastDownload/HLSP/hlsp_pathos_tess_lightcurve_tic-0093554492-s0008_tess_v1_llc/hlsp_pathos_tess_lightcurve_tic-0093554492-s0008_tess_v1_llc.fits,COMPLETE,,,8,TIC 93554492,PATHOS
./mastDownload/HLSP/hlsp_pathos_tess_lightcurve_tic-0093554492-s0009_tess_v1_llc/hlsp_pathos_tess_lightcurve_tic-0093554492-s0009_tess_v1_llc.fits,COMPLETE,,,9,TIC 93554492,PATHOS
./mastDownload/HLSP/hlsp_cdips_tess_ffi_gaiatwo0005318493569273146496-0008-cam3-ccd4_tess_v01_llc/hlsp_cdips_tess_ffi_gaiatwo0005318493569273146496-0008-cam3-ccd4_tess_v01_llc.fits,COMPLETE,,,8,TIC 93554492,CDIPS
./mastDownload/HLSP/hlsp_cdips_tess_ffi_gaiatwo0005318493569273146496-0009-cam3-ccd3_tess_v01_llc/hlsp_cdips_tess_ffi_gaiatwo0005318493569273146496-0009-cam3-ccd3_tess_v01_llc.fits,COMPLETE,,,9,TIC 93554492,CDIPS
./mastDownload/HLSP/hlsp_pathos_tess_lightcurve_tic-0093555508-s0008_tess_v1_llc/hlsp_pathos_tess_lightcurve_tic-0093555508-s0008_tess_v1_llc.fits,COMPLETE,,,8,TIC 93555508,PATHOS
./mastDownload/HLSP/hlsp_pathos_tess_lightcurve_tic-0093555522-s0008_tess_v1_llc/hlsp_pathos_tess_lightcurve_tic-0093555522-s0008_tess_v1_llc.fits,COMPLETE,,,8,TIC 93555522,PATHOS
./mastDownload/HLSP/hlsp_cdips_tess_ffi_gaiatwo0005318552496225991680-0008-cam3-ccd4_tess_v01_llc/hlsp_cdips_tess_ffi_gaiatwo0005318552496225991680-0008-cam3-ccd4_tess_v01_llc.fits,COMPLETE,,,8,TIC 93555522,CDIPS
./mastDownload/HLSP/hlsp_pathos_tess_lightcurve_tic-0093555536-s0008_tess_v1_llc/hlsp_pathos_tess_lightcurve_tic-0093555536-s0008_tess_v1_llc.fits,COMPLETE,,,8,TIC 93555536,PATHOS
./mastDownload/HLSP/hlsp_cdips_tess_ffi_gaiatwo0005318554076773894400-0008-cam3-ccd4_tess_v01_llc/hlsp_cdips_tess_ffi_gaiatwo0005318554076773894400-0008-cam3-ccd4_tess_v01_llc.fits,COMPLETE,,,8,TIC 93555536,CDIPS
./mastDownload/HLSP/hlsp_pathos_tess_lightcurve_tic-0093555601-s0008_tess_v1_llc/hlsp_pathos_tess_lightcurve_tic-0093555601-s0008_tess_v1_llc.fits,COMPLETE,,,8,TIC 93555601,PATHOS
./mastDownload/HLSP/hlsp_cdips_tess_ffi_gaiatwo0005318554179853105024-0008-cam3-ccd4_tess_v01_llc/hlsp_cdips_tess_ffi_gaiatwo0005318554179853105024-0008-cam3-ccd4_tess_v01_llc.fits,COMPLETE,,,8,TIC 93555601,CDIPS
./mastDownload/HLSP/hlsp_pathos_tess_lightcurve_tic-0093630086-s0008_tess_v1_llc/hlsp_pathos_tess_lightcurve_tic-0093630086-s0008_tess_v1_llc.fits,COMPLETE,,,8,TIC 93630086,PATHOS
./mastDownload/HLSP/hlsp_cdips_tess_ffi_gaiatwo0005318557237870027776-0008-cam3-ccd4_tess_v01_llc/hlsp_cdips_tess_ffi_gaiatwo0005318557237870027776-0008-cam3-ccd4_tess_v01_llc.fits,COMPLETE,,,8,TIC 93630086,CDIPS
./mastDownload/HLSP/hlsp_pathos_tess_lightcurve_tic-0093630147-s0008_tess_v1_llc/hlsp_pathos_tess_lightcurve_tic-0093630147-s0008_tess_v1_llc.fits,COMPLETE,,,8,TIC 93630147,PATHOS
./mastDownload/HLSP/hlsp_cdips_tess_ffi_gaiatwo0005318557512747932672-0008-cam3-ccd4_tess_v01_llc/hlsp_cdips_tess_ffi_gaiatwo0005318557512747932672-0008-cam3-ccd4_tess_v01_llc.fits,COMPLETE,,,8,TIC 93630147,CDIPS
./mastDownload/HLSP/hlsp_pathos_tess_lightcurve_tic-0093630218-s0008_tess_v1_llc/hlsp_pathos_tess_lightcurve_tic-0093630218-s0008_tess_v1_llc.fits,COMPLETE,,,8,TIC 93630218,PATHOS
./mastDownload/HLSP/hlsp_cdips_tess_ffi_gaiatwo0005318557581467400320-0008-cam3-ccd4_tess_v01_llc/hlsp_cdips_tess_ffi_gaiatwo0005318557581467400320-0008-cam3-ccd4_tess_v01_llc.fits,COMPLETE,,,8,TIC 93630218,CDIPS
./mastDownload/HLSP/hlsp_pathos_tess_lightcurve_tic-0093630403-s0008_tess_v1_llc/hlsp_pathos_tess_lightcurve_tic-0093630403-s0008_tess_v1_llc.fits,COMPLETE,,,8,TIC 93630403,PATHOS
./mastDownload/HLSP/hlsp_cdips_tess_ffi_gaiatwo0005318569676094904192-0008-cam3-ccd4_tess_v01_llc/hlsp_cdips_tess_ffi_gaiatwo0005318569676094904192-0008-cam3-ccd4_tess_v01_llc.fits,COMPLETE,,,8,TIC 93630403,CDIPS
./mastDownload/HLSP/hlsp_pathos_tess_lightcurve_tic-0093631008-s0008_tess_v1_llc/hlsp_pathos_tess_lightcurve_tic-0093631008-s0008_tess_v1_llc.fits,COMPLETE,,,8,TIC 93631008,PATHOS
./mastDownload/HLSP/hlsp_pathos_tess_lightcurve_tic-0093631142-s0008_tess_v1_llc/hlsp_pathos_tess_lightcurve_tic-0093631142-s0008_tess_v1_llc.fits,COMPLETE,,,8,TIC 93631142,PATHOS
./mastDownload/HLSP/hlsp_cdips_tess_ffi_gaiatwo0005318599362909734400-0008-cam3-ccd4_tess_v01_llc/hlsp_cdips_tess_ffi_gaiatwo0005318599362909734400-0008-cam3-ccd4_tess_v01_llc.fits,COMPLETE,,,8,TIC 93631142,CDIPS
./mastDownload/HLSP/hlsp_pathos_tess_lightcurve_tic-0093830111-s0008_tess_v1_llc/hlsp_pathos_tess_lightcurve_tic-0093830111-s0008_tess_v1_llc.fits,COMPLETE,,,8,TIC 93830111,PATHOS
./mastDownload/HLSP/hlsp_cdips_tess_ffi_gaiatwo0005318607540527504768-0008-cam3-ccd4_tess_v01_llc/hlsp_cdips_tess_ffi_gaiatwo0005318607540527504768-0008-cam3-ccd4_tess_v01_llc.fits,COMPLETE,,,8,TIC 93830111,CDIPS
./mastDownload/HLSP/hlsp_pathos_tess_lightcurve_tic-0093831298-s0008_tess_v1_llc/hlsp_pathos_tess_lightcurve_tic-0093831298-s0008_tess_v1_llc.fits,COMPLETE,,,8,TIC 93831298,PATHOS
./mastDownload/HLSP/hlsp_cdips_tess_ffi_gaiatwo0005318581530206048256-0008-cam3-ccd4_tess_v01_llc/hlsp_cdips_tess_ffi_gaiatwo0005318581530206048256-0008-cam3-ccd4_tess_v01_llc.fits,COMPLETE,,,8,TIC 93831298,CDIPS
./mastDownload/HLSP/hlsp_pathos_tess_lightcurve_tic-0093832146-s0008_tess_v1_llc/hlsp_pathos_tess_lightcurve_tic-0093832146-s0008_tess_v1_llc.fits,COMPLETE,,,8,TIC 93832146,PATHOS
./mastDownload/HLSP/hlsp_cdips_tess_ffi_gaiatwo0005318551740311805440-0008-cam3-ccd4_tess_v01_llc/hlsp_cdips_tess_ffi_gaiatwo0005318551740311805440-0008-cam3-ccd4_tess_v01_llc.fits,COMPLETE,,,8,TIC 93832146,CDIPS
./mastDownload/HLSP/hlsp_pathos_tess_lightcurve_tic-0093832296-s0008_tess_v1_llc/hlsp_pathos_tess_lightcurve_tic-0093832296-s0008_tess_v1_llc.fits,COMPLETE,,,8,TIC 93832296,PATHOS
./mastDownload/HLSP/hlsp_cdips_tess_ffi_gaiatwo0005318504426950057728-0008-cam3-ccd4_tess_v01_llc/hlsp_cdips_tess_ffi_gaiatwo0005318504426950057728-0008-cam3-ccd4_tess_v01_llc.fits,COMPLETE,,,8,TIC 93832296,CDIPS
./mastDownload/HLSP/hlsp_pathos_tess_lightcurve_tic-0093832597-s0008_tess_v1_llc/hlsp_pathos_tess_lightcurve_tic-0093832597-s0008_tess_v1_llc.fits,COMPLETE,,,8,TIC 93832597,PATHOS
./mastDownload/HLSP/hlsp_cdips_tess_ffi_gaiatwo0005318502743323310848-0008-cam3-ccd4_tess_v01_llc/hlsp_cdips_tess_ffi_gaiatwo0005318502743323310848-0008-cam3-ccd4_tess_v01_llc.fits,COMPLETE,,,8,TIC 93832597,CDIPS
./mastDownload/HLSP/hlsp_pathos_tess_lightcurve_tic-0093833197-s0008_tess_v1_llc/hlsp_pathos_tess_lightcurve_tic-0093833197-s0008_tess_v1_llc.fits,COMPLETE,,,8,TIC 93833197,PATHOS
./mastDownload/HLSP/hlsp_cdips_tess_ffi_gaiatwo0005318490476885356928-0008-cam3-ccd4_tess_v01_llc/hlsp_cdips_tess_ffi_gaiatwo0005318490476885356928-0008-cam3-ccd4_tess_v01_llc.fits,COMPLETE,,,8,TIC 93833197,CDIPS
./mastDownload/HLSP/hlsp_cdips_tess_ffi_gaiatwo0005318490476885356928-0009-cam3-ccd3_tess_v01_llc/hlsp_cdips_tess_ffi_gaiatwo0005318490476885356928-0009-cam3-ccd3_tess_v01_llc.fits,COMPLETE,,,9,TIC 93833197,CDIPS
./mastDownload/HLSP/hlsp_pathos_tess_lightcurve_tic-0093833201-s0008_tess_v1_llc/hlsp_pathos_tess_lightcurve_tic-0093833201-s0008_tess_v1_llc.fits,COMPLETE,,,8,TIC 93833201,PATHOS
./mastDownload/HLSP/hlsp_cdips_tess_ffi_gaiatwo0005318490545615836032-0008-cam3-ccd4_tess_v01_llc/hlsp_cdips_tess_ffi_gaiatwo0005318490545615836032-0008-cam3-ccd4_tess_v01_llc.fits,COMPLETE,,,8,TIC 93833201,CDIPS
./mastDownload/HLSP/hlsp_cdips_tess_ffi_gaiatwo0005318490545615836032-0009-cam3-ccd3_tess_v01_llc/hlsp_cdips_tess_ffi_gaiatwo0005318490545615836032-0009-cam3-ccd3_tess_v01_llc.fits,COMPLETE,,,9,TIC 93833201,CDIPS
./mastDownload/HLSP/hlsp_pathos_tess_lightcurve_tic-0093833575-s0008_tess_v1_llc/hlsp_pathos_tess_lightcurve_tic-0093833575-s0008_tess_v1_llc.fits,COMPLETE,,,8,TIC 93833575,PATHOS
./mastDownload/HLSP/hlsp_pathos_tess_lightcurve_tic-0093833575-s0009_tess_v1_llc/hlsp_pathos_tess_lightcurve_tic-0093833575-s0009_tess_v1_llc.fits,COMPLETE,,,9,TIC 93833575,PATHOS
./mastDownload/HLSP/hlsp_cdips_tess_ffi_gaiatwo0005318477759489411072-0008-cam3-ccd4_tess_v01_llc/hlsp_cdips_tess_ffi_gaiatwo0005318477759489411072-0008-cam3-ccd4_tess_v01_llc.fits,COMPLETE,,,8,TIC 93833575,CDIPS
./mastDownload/HLSP/hlsp_cdips_tess_ffi_gaiatwo0005318477759489411072-0009-cam3-ccd3_tess_v01_llc/hlsp_cdips_tess_ffi_gaiatwo0005318477759489411072-0009-cam3-ccd3_tess_v01_llc.fits,COMPLETE,,,9,TIC 93833575,CDIPS
./mastDownload/HLSP/hlsp_pathos_tess_lightcurve_tic-0093833806-s0008_tess_v1_llc/hlsp_pathos_tess_lightcurve_tic-0093833806-s0008_tess_v1_llc.fits,COMPLETE,,,8,TIC 93833806,PATHOS
./mastDownload/HLSP/hlsp_pathos_tess_lightcurve_tic-0093833806-s0009_tess_v1_llc/hlsp_pathos_tess_lightcurve_tic-0093833806-s0009_tess_v1_llc.fits,COMPLETE,,,9,TIC 93833806,PATHOS
./mastDownload/HLSP/hlsp_cdips_tess_ffi_gaiatwo0005318476423763513344-0008-cam3-ccd4_tess_v01_llc/hlsp_cdips_tess_ffi_gaiatwo0005318476423763513344-0008-cam3-ccd4_tess_v01_llc.fits,COMPLETE,,,8,TIC 93833806,CDIPS
./mastDownload/HLSP/hlsp_cdips_tess_ffi_gaiatwo0005318476423763513344-0009-cam3-ccd3_tess_v01_llc/hlsp_cdips_tess_ffi_gaiatwo0005318476423763513344-0009-cam3-ccd3_tess_v01_llc.fits,COMPLETE,,,9,TIC 93833806,CDIPS
./mastDownload/HLSP/hlsp_pathos_tess_lightcurve_tic-0093834269-s0008_tess_v1_llc/hlsp_pathos_tess_lightcurve_tic-0093834269-s0008_tess_v1_llc.fits,COMPLETE,,,8,TIC 93834269,PATHOS
./mastDownload/HLSP/hlsp_pathos_tess_lightcurve_tic-0093834269-s0009_tess_v1_llc/hlsp_pathos_tess_lightcurve_tic-0093834269-s0009_tess_v1_llc.fits,COMPLETE,,,9,TIC 93834269,PATHOS
./mastDownload/HLSP/hlsp_cdips_tess_ffi_gaiatwo0005318282566122736256-0008-cam3-ccd4_tess_v01_llc/hlsp_cdips_tess_ffi_gaiatwo0005318282566122736256-0008-cam3-ccd4_tess_v01_llc.fits,COMPLETE,,,8,TIC 93834269,CDIPS
./mastDownload/HLSP/hlsp_cdips_tess_ffi_gaiatwo0005318282566122736256-0009-cam3-ccd3_tess_v01_llc/hlsp_cdips_tess_ffi_gaiatwo0005318282566122736256-0009-cam3-ccd3_tess_v01_llc.fits,COMPLETE,,,9,TIC 93834269,CDIPS
./mastDownload/HLSP/hlsp_pathos_tess_lightcurve_tic-0093835400-s0008_tess_v1_llc/hlsp_pathos_tess_lightcurve_tic-0093835400-s0008_tess_v1_llc.fits,COMPLETE,,,8,TIC 93835400,PATHOS
./mastDownload/HLSP/hlsp_pathos_tess_lightcurve_tic-0093835400-s0009_tess_v1_llc/hlsp_pathos_tess_lightcurve_tic-0093835400-s0009_tess_v1_llc.fits,COMPLETE,,,9,TIC 93835400,PATHOS
./mastDownload/HLSP/hlsp_cdips_tess_ffi_gaiatwo0005317886329617953536-0008-cam3-ccd4_tess_v01_llc/hlsp_cdips_tess_ffi_gaiatwo0005317886329617953536-0008-cam3-ccd4_tess_v01_llc.fits,COMPLETE,,,8,TIC 93835400,CDIPS
./mastDownload/HLSP/hlsp_cdips_tess_ffi_gaiatwo0005317886329617953536-0009-cam3-ccd3_tess_v01_llc/hlsp_cdips_tess_ffi_gaiatwo0005317886329617953536-0009-cam3-ccd3_tess_v01_llc.fits,COMPLETE,,,9,TIC 93835400,CDIPS
./mastDownload/HLSP/hlsp_pathos_tess_lightcurve_tic-0093835716-s0008_tess_v1_llc/hlsp_pathos_tess_lightcurve_tic-0093835716-s0008_tess_v1_llc.fits,COMPLETE,,,8,TIC 93835716,PATHOS
./mastDownload/HLSP/hlsp_pathos_tess_lightcurve_tic-0093835716-s0009_tess_v1_llc/hlsp_pathos_tess_lightcurve_tic-0093835716-s0009_tess_v1_llc.fits,COMPLETE,,,9,TIC 93835716,PATHOS
./mastDownload/HLSP/hlsp_cdips_tess_ffi_gaiatwo0005317887802784122880-0008-cam3-ccd4_tess_v01_llc/hlsp_cdips_tess_ffi_gaiatwo0005317887802784122880-0008-cam3-ccd4_tess_v01_llc.fits,COMPLETE,,,8,TIC 93835716,CDIPS
./mastDownload/HLSP/hlsp_cdips_tess_ffi_gaiatwo0005317887802784122880-0009-cam3-ccd3_tess_v01_llc/hlsp_cdips_tess_ffi_gaiatwo0005317887802784122880-0009-cam3-ccd3_tess_v01_llc.fits,COMPLETE,,,9,TIC 93835716,CDIPS
./mastDownload/HLSP/hlsp_pathos_tess_lightcurve_tic-0093836256-s0008_tess_v1_llc/hlsp_pathos_tess_lightcurve_tic-0093836256-s0008_tess_v1_llc.fits,COMPLETE,,,8,TIC 93836256,PATHOS
./mastDownload/HLSP/hlsp_pathos_tess_lightcurve_tic-0093836256-s0009_tess_v1_llc/hlsp_pathos_tess_lightcurve_tic-0093836256-s0009_tess_v1_llc.fits,COMPLETE,,,9,TIC 93836256,PATHOS
./mastDownload/HLSP/hlsp_cdips_tess_ffi_gaiatwo0005318277412161521024-0008-cam3-ccd4_tess_v01_llc/hlsp_cdips_tess_ffi_gaiatwo0005318277412161521024-0008-cam3-ccd4_tess_v01_llc.fits,COMPLETE,,,8,TIC 93836256,CDIPS
./mastDownload/HLSP/hlsp_cdips_tess_ffi_gaiatwo0005318277412161521024-0009-cam3-ccd3_tess_v01_llc/hlsp_cdips_tess_ffi_gaiatwo0005318277412161521024-0009-cam3-ccd3_tess_v01_llc.fits,COMPLETE,,,9,TIC 93836256,CDIPS
./mastDownload/HLSP/hlsp_pathos_tess_lightcurve_tic-0093836787-s0008_tess_v1_llc/hlsp_pathos_tess_lightcurve_tic-0093836787-s0008_tess_v1_llc.fits,COMPLETE,,,8,TIC 93836787,PATHOS
./mastDownload/HLSP/hlsp_pathos_tess_lightcurve_tic-0093836787-s0009_tess_v1_llc/hlsp_pathos_tess_lightcurve_tic-0093836787-s0009_tess_v1_llc.fits,COMPLETE,,,9,TIC 93836787,PATHOS
./mastDownload/HLSP/hlsp_cdips_tess_ffi_gaiatwo0005318283012799031808-0008-cam3-ccd4_tess_v01_llc/hlsp_cdips_tess_ffi_gaiatwo0005318283012799031808-0008-cam3-ccd4_tess_v01_llc.fits,COMPLETE,,,8,TIC 93836787,CDIPS
./mastDownload/HLSP/hlsp_cdips_tess_ffi_gaiatwo0005318283012799031808-0009-cam3-ccd3_tess_v01_llc/hlsp_cdips_tess_ffi_gaiatwo0005318283012799031808-0009-cam3-ccd3_tess_v01_llc.fits,COMPLETE,,,9,TIC 93836787,CDIPS
./mastDownload/HLSP/hlsp_qlp_tess_ffi_s0009-0000000093836787_tess_v01_llc/hlsp_qlp_tess_ffi_s0009-0000000093836787_tess_v01_llc.fits,COMPLETE,,,9,TIC 93836787,QLP
./mastDownload/HLSP/hlsp_pathos_tess_lightcurve_tic-0093911997-s0008_tess_v1_llc/hlsp_pathos_tess_lightcurve_tic-0093911997-s0008_tess_v1_llc.fits,COMPLETE,,,8,TIC 93911997,PATHOS
./mastDownload/HLSP/hlsp_pathos_tess_lightcurve_tic-0093912230-s0008_tess_v1_llc/hlsp_pathos_tess_lightcurve_tic-0093912230-s0008_tess_v1_llc.fits,COMPLETE,,,8,TIC 93912230,PATHOS
./mastDownload/HLSP/hlsp_cdips_tess_ffi_gaiatwo0005318500063263771008-0008-cam3-ccd4_tess_v01_llc/hlsp_cdips_tess_ffi_gaiatwo0005318500063263771008-0008-cam3-ccd4_tess_v01_llc.fits,COMPLETE,,,8,TIC 93912230,CDIPS
./mastDownload/HLSP/hlsp_pathos_tess_lightcurve_tic-0093912319-s0008_tess_v1_llc/hlsp_pathos_tess_lightcurve_tic-0093912319-s0008_tess_v1_llc.fits,COMPLETE,,,8,TIC 93912319,PATHOS
./mastDownload/HLSP/hlsp_cdips_tess_ffi_gaiatwo0005318500303781947776-0008-cam3-ccd4_tess_v01_llc/hlsp_cdips_tess_ffi_gaiatwo0005318500303781947776-0008-cam3-ccd4_tess_v01_llc.fits,COMPLETE,,,8,TIC 93912319,CDIPS
./mastDownload/HLSP/hlsp_pathos_tess_lightcurve_tic-0093912428-s0008_tess_v1_llc/hlsp_pathos_tess_lightcurve_tic-0093912428-s0008_tess_v1_llc.fits,COMPLETE,,,8,TIC 93912428,PATHOS
./mastDownload/HLSP/hlsp_cdips_tess_ffi_gaiatwo0005318503533597353856-0008-cam3-ccd4_tess_v01_llc/hlsp_cdips_tess_ffi_gaiatwo0005318503533597353856-0008-cam3-ccd4_tess_v01_llc.fits,COMPLETE,,,8,TIC 93912428,CDIPS
./mastDownload/HLSP/hlsp_pathos_tess_lightcurve_tic-0093912895-s0008_tess_v1_llc/hlsp_pathos_tess_lightcurve_tic-0093912895-s0008_tess_v1_llc.fits,COMPLETE,,,8,TIC 93912895,PATHOS
./mastDownload/HLSP/hlsp_cdips_tess_ffi_gaiatwo0005318575482892257536-0008-cam3-ccd4_tess_v01_llc/hlsp_cdips_tess_ffi_gaiatwo0005318575482892257536-0008-cam3-ccd4_tess_v01_llc.fits,COMPLETE,,,8,TIC 93912895,CDIPS
./mastDownload/HLSP/hlsp_pathos_tess_lightcurve_tic-0093912903-s0008_tess_v1_llc/hlsp_pathos_tess_lightcurve_tic-0093912903-s0008_tess_v1_llc.fits,COMPLETE,,,8,TIC 93912903,PATHOS
./mastDownload/HLSP/hlsp_cdips_tess_ffi_gaiatwo0005318575654690961152-0008-cam3-ccd4_tess_v01_llc/hlsp_cdips_tess_ffi_gaiatwo0005318575654690961152-0008-cam3-ccd4_tess_v01_llc.fits,COMPLETE,,,8,TIC 93912903,CDIPS
./mastDownload/HLSP/hlsp_pathos_tess_lightcurve_tic-0093914694-s0008_tess_v1_llc/hlsp_pathos_tess_lightcurve_tic-0093914694-s0008_tess_v1_llc.fits,COMPLETE,,,8,TIC 93914694,PATHOS
./mastDownload/HLSP/hlsp_cdips_tess_ffi_gaiatwo0005318608536959995648-0008-cam3-ccd4_tess_v01_llc/hlsp_cdips_tess_ffi_gaiatwo0005318608536959995648-0008-cam3-ccd4_tess_v01_llc.fits,COMPLETE,,,8,TIC 93914694,CDIPS
./mastDownload/HLSP/hlsp_qlp_tess_ffi_s0009-0000000093914694_tess_v01_llc/hlsp_qlp_tess_ffi_s0009-0000000093914694_tess_v01_llc.fits,COMPLETE,,,9,TIC 93914694,QLP
./mastDownload/HLSP/hlsp_pathos_tess_lightcurve_tic-0094103243-s0008_tess_v1_llc/hlsp_pathos_tess_lightcurve_tic-0094103243-s0008_tess_v1_llc.fits,COMPLETE,,,8,TIC 94103243,PATHOS
./mastDownload/HLSP/hlsp_cdips_tess_ffi_gaiatwo0005318536037910263808-0008-cam3-ccd4_tess_v01_llc/hlsp_cdips_tess_ffi_gaiatwo0005318536037910263808-0008-cam3-ccd4_tess_v01_llc.fits,COMPLETE,,,8,TIC 94103243,CDIPS
./mastDownload/HLSP/hlsp_pathos_tess_lightcurve_tic-0094103916-s0008_tess_v1_llc/hlsp_pathos_tess_lightcurve_tic-0094103916-s0008_tess_v1_llc.fits,COMPLETE,,,8,TIC 94103916,PATHOS
./mastDownload/HLSP/hlsp_cdips_tess_ffi_gaiatwo0005318524183800706048-0008-cam3-ccd4_tess_v01_llc/hlsp_cdips_tess_ffi_gaiatwo0005318524183800706048-0008-cam3-ccd4_tess_v01_llc.fits,COMPLETE,,,8,TIC 94103916,CDIPS
./mastDownload/HLSP/hlsp_pathos_tess_lightcurve_tic-0094104511-s0008_tess_v1_llc/hlsp_pathos_tess_lightcurve_tic-0094104511-s0008_tess_v1_llc.fits,COMPLETE,,,8,TIC 94104511,PATHOS
./mastDownload/HLSP/hlsp_pathos_tess_lightcurve_tic-0094104642-s0008_tess_v1_llc/hlsp_pathos_tess_lightcurve_tic-0094104642-s0008_tess_v1_llc.fits,COMPLETE,,,8,TIC 94104642,PATHOS
./mastDownload/HLSP/hlsp_pathos_tess_lightcurve_tic-0094105182-s0008_tess_v1_llc/hlsp_pathos_tess_lightcurve_tic-0094105182-s0008_tess_v1_llc.fits,COMPLETE,,,8,TIC 94105182,PATHOS
./mastDownload/HLSP/hlsp_cdips_tess_ffi_gaiatwo0005318480748787498112-0008-cam3-ccd4_tess_v01_llc/hlsp_cdips_tess_ffi_gaiatwo0005318480748787498112-0008-cam3-ccd4_tess_v01_llc.fits,COMPLETE,,,8,TIC 94105182,CDIPS
./mastDownload/HLSP/hlsp_pathos_tess_lightcurve_tic-0094105777-s0008_tess_v1_llc/hlsp_pathos_tess_lightcurve_tic-0094105777-s0008_tess_v1_llc.fits,COMPLETE,,,8,TIC 94105777,PATHOS
./mastDownload/HLSP/hlsp_pathos_tess_lightcurve_tic-0094105777-s0009_tess_v1_llc/hlsp_pathos_tess_lightcurve_tic-0094105777-s0009_tess_v1_llc.fits,COMPLETE,,,9,TIC 94105777,PATHOS
./mastDownload/HLSP/hlsp_cdips_tess_ffi_gaiatwo0005318289472429930112-0008-cam3-ccd4_tess_v01_llc/hlsp_cdips_tess_ffi_gaiatwo0005318289472429930112-0008-cam3-ccd4_tess_v01_llc.fits,COMPLETE,,,8,TIC 94105777,CDIPS
./mastDownload/HLSP/hlsp_cdips_tess_ffi_gaiatwo0005318289472429930112-0009-cam3-ccd3_tess_v01_llc/hlsp_cdips_tess_ffi_gaiatwo0005318289472429930112-0009-cam3-ccd3_tess_v01_llc.fits,COMPLETE,,,9,TIC 94105777,CDIPS
./mastDownload/HLSP/hlsp_pathos_tess_lightcurve_tic-0094107183-s0008_tess_v1_llc/hlsp_pathos_tess_lightcurve_tic-0094107183-s0008_tess_v1_llc.fits,COMPLETE,,,8,TIC 94107183,PATHOS
./mastDownload/HLSP/hlsp_pathos_tess_lightcurve_tic-0094107183-s0009_tess_v1_llc/hlsp_pathos_tess_lightcurve_tic-0094107183-s0009_tess_v1_llc.fits,COMPLETE,,,9,TIC 94107183,PATHOS
./mastDownload/HLSP/hlsp_pathos_tess_lightcurve_tic-0094107183-s0010_tess_v1_llc/hlsp_pathos_tess_lightcurve_tic-0094107183-s0010_tess_v1_llc.fits,COMPLETE,,,10,TIC 94107183,PATHOS
./mastDownload/HLSP/hlsp_cdips_tess_ffi_gaiatwo0005317884439832479872-0008-cam3-ccd4_tess_v01_llc/hlsp_cdips_tess_ffi_gaiatwo0005317884439832479872-0008-cam3-ccd4_tess_v01_llc.fits,COMPLETE,,,8,TIC 94107183,CDIPS
./mastDownload/HLSP/hlsp_cdips_tess_ffi_gaiatwo0005317884439832479872-0009-cam3-ccd3_tess_v01_llc/hlsp_cdips_tess_ffi_gaiatwo0005317884439832479872-0009-cam3-ccd3_tess_v01_llc.fits,COMPLETE,,,9,TIC 94107183,CDIPS
./mastDownload/HLSP/hlsp_cdips_tess_ffi_gaiatwo0005317884439832479872-0010-cam3-ccd3_tess_v01_llc/hlsp_cdips_tess_ffi_gaiatwo0005317884439832479872-0010-cam3-ccd3_tess_v01_llc.fits,COMPLETE,,,10,TIC 94107183,CDIPS
./mastDownload/HLSP/hlsp_qlp_tess_ffi_s0009-0000000094107183_tess_v01_llc/hlsp_qlp_tess_ffi_s0009-0000000094107183_tess_v01_llc.fits,COMPLETE,,,9,TIC 94107183,QLP
./mastDownload/HLSP/hlsp_qlp_tess_ffi_s0010-0000000094107183_tess_v01_llc/hlsp_qlp_tess_ffi_s0010-0000000094107183_tess_v01_llc.fits,COMPLETE,,,10,TIC 94107183,QLP
./mastDownload/HLSP/hlsp_pathos_tess_lightcurve_tic-0094182717-s0008_tess_v1_llc/hlsp_pathos_tess_lightcurve_tic-0094182717-s0008_tess_v1_llc.fits,COMPLETE,,,8,TIC 94182717,PATHOS
./mastDownload/HLSP/hlsp_cdips_tess_ffi_gaiatwo0005318272670517874560-0008-cam3-ccd4_tess_v01_llc/hlsp_cdips_tess_ffi_gaiatwo0005318272670517874560-0008-cam3-ccd4_tess_v01_llc.fits,COMPLETE,,,8,TIC 94182717,CDIPS
./mastDownload/HLSP/hlsp_cdips_tess_ffi_gaiatwo0005318272670517874560-0009-cam3-ccd3_tess_v01_llc/hlsp_cdips_tess_ffi_gaiatwo0005318272670517874560-0009-cam3-ccd3_tess_v01_llc.fits,COMPLETE,,,9,TIC 94182717,CDIPS
./mastDownload/HLSP/hlsp_qlp_tess_ffi_s0009-0000000094182717_tess_v01_llc/hlsp_qlp_tess_ffi_s0009-0000000094182717_tess_v01_llc.fits,COMPLETE,,,9,TIC 94182717,QLP
./mastDownload/HLSP/hlsp_qlp_tess_ffi_s0009-0000000094182725_tess_v01_llc/hlsp_qlp_tess_ffi_s0009-0000000094182725_tess_v01_llc.fits,COMPLETE,,,0,TIC 94182717,QLP
./mastDownload/HLSP/hlsp_pathos_tess_lightcurve_tic-0094182756-s0008_tess_v1_llc/hlsp_pathos_tess_lightcurve_tic-0094182756-s0008_tess_v1_llc.fits,COMPLETE,,,8,TIC 94182756,PATHOS
./mastDownload/HLSP/hlsp_cdips_tess_ffi_gaiatwo0005318273323353105536-0008-cam3-ccd4_tess_v01_llc/hlsp_cdips_tess_ffi_gaiatwo0005318273323353105536-0008-cam3-ccd4_tess_v01_llc.fits,COMPLETE,,,8,TIC 94182756,CDIPS
./mastDownload/HLSP/hlsp_cdips_tess_ffi_gaiatwo0005318273323353105536-0009-cam3-ccd3_tess_v01_llc/hlsp_cdips_tess_ffi_gaiatwo0005318273323353105536-0009-cam3-ccd3_tess_v01_llc.fits,COMPLETE,,,9,TIC 94182756,CDIPS
./mastDownload/HLSP/hlsp_pathos_tess_lightcurve_tic-0094183782-s0008_tess_v1_llc/hlsp_pathos_tess_lightcurve_tic-0094183782-s0008_tess_v1_llc.fits,COMPLETE,,,8,TIC 94183782,PATHOS
./mastDownload/HLSP/hlsp_cdips_tess_ffi_gaiatwo0005318293526879324288-0008-cam3-ccd4_tess_v01_llc/hlsp_cdips_tess_ffi_gaiatwo0005318293526879324288-0008-cam3-ccd4_tess_v01_llc.fits,COMPLETE,,,8,TIC 94183782,CDIPS
./mastDownload/HLSP/hlsp_pathos_tess_lightcurve_tic-0094184079-s0008_tess_v1_llc/hlsp_pathos_tess_lightcurve_tic-0094184079-s0008_tess_v1_llc.fits,COMPLETE,,,8,TIC 94184079,PATHOS
./mastDownload/HLSP/hlsp_cdips_tess_ffi_gaiatwo0005318505285944674432-0008-cam3-ccd4_tess_v01_llc/hlsp_cdips_tess_ffi_gaiatwo0005318505285944674432-0008-cam3-ccd4_tess_v01_llc.fits,COMPLETE,,,8,TIC 94184079,CDIPS
./mastDownload/HLSP/hlsp_pathos_tess_lightcurve_tic-0094184554-s0008_tess_v1_llc/hlsp_pathos_tess_lightcurve_tic-0094184554-s0008_tess_v1_llc.fits,COMPLETE,,,8,TIC 94184554,PATHOS
./mastDownload/HLSP/hlsp_cdips_tess_ffi_gaiatwo0005318508309601658496-0008-cam3-ccd4_tess_v01_llc/hlsp_cdips_tess_ffi_gaiatwo0005318508309601658496-0008-cam3-ccd4_tess_v01_llc.fits,COMPLETE,,,8,TIC 94184554,CDIPS
./mastDownload/HLSP/hlsp_pathos_tess_lightcurve_tic-0094184691-s0008_tess_v1_llc/hlsp_pathos_tess_lightcurve_tic-0094184691-s0008_tess_v1_llc.fits,COMPLETE,,,8,TIC 94184691,PATHOS
./mastDownload/HLSP/hlsp_pathos_tess_lightcurve_tic-0812594503-s0008_tess_v1_llc/hlsp_pathos_tess_lightcurve_tic-0812594503-s0008_tess_v1_llc.fits,COMPLETE,,,0,TIC 94184691,PATHOS
./mastDownload/HLSP/hlsp_cdips_tess_ffi_gaiatwo0005318510332522027008-0008-cam3-ccd4_tess_v01_llc/hlsp_cdips_tess_ffi_gaiatwo0005318510332522027008-0008-cam3-ccd4_tess_v01_llc.fits,COMPLETE,,,8,TIC 94184691,CDIPS
./mastDownload/HLSP/hlsp_cdips_tess_ffi_gaiatwo0005318510336826176384-0008-cam3-ccd4_tess_v01_llc/hlsp_cdips_tess_ffi_gaiatwo0005318510336826176384-0008-cam3-ccd4_tess_v01_llc.fits,COMPLETE,,,0,TIC 94184691,CDIPS
./mastDownload/HLSP/hlsp_pathos_tess_lightcurve_tic-0094185042-s0008_tess_v1_llc/hlsp_pathos_tess_lightcurve_tic-0094185042-s0008_tess_v1_llc.fits,COMPLETE,,,8,TIC 94185042,PATHOS
./mastDownload/HLSP/hlsp_cdips_tess_ffi_gaiatwo0005318513459254598528-0008-cam3-ccd4_tess_v01_llc/hlsp_cdips_tess_ffi_gaiatwo0005318513459254598528-0008-cam3-ccd4_tess_v01_llc.fits,COMPLETE,,,8,TIC 94185042,CDIPS
./mastDownload/HLSP/hlsp_pathos_tess_lightcurve_tic-0094185045-s0008_tess_v1_llc/hlsp_pathos_tess_lightcurve_tic-0094185045-s0008_tess_v1_llc.fits,COMPLETE,,,8,TIC 94185045,PATHOS
./mastDownload/HLSP/hlsp_cdips_tess_ffi_gaiatwo0005318513532282032512-0008-cam3-ccd4_tess_v01_llc/hlsp_cdips_tess_ffi_gaiatwo0005318513532282032512-0008-cam3-ccd4_tess_v01_llc.fits,COMPLETE,,,8,TIC 94185045,CDIPS
./mastDownload/HLSP/hlsp_pathos_tess_lightcurve_tic-0144752281-s0008_tess_v1_llc/hlsp_pathos_tess_lightcurve_tic-0144752281-s0008_tess_v1_llc.fits,COMPLETE,,,8,TIC 14475228,PATHOS
./mastDownload/HLSP/hlsp_cdips_tess_ffi_gaiatwo0005318521671232021632-0008-cam3-ccd4_tess_v01_llc/hlsp_cdips_tess_ffi_gaiatwo0005318521671232021632-0008-cam3-ccd4_tess_v01_llc.fits,COMPLETE,,,8,TIC 14475228,CDIPS
./mastDownload/HLSP/hlsp_pathos_tess_lightcurve_tic-0144755157-s0008_tess_v1_llc/hlsp_pathos_tess_lightcurve_tic-0144755157-s0008_tess_v1_llc.fits,COMPLETE,,,8,TIC 14475515,PATHOS
./mastDownload/HLSP/hlsp_cdips_tess_ffi_gaiatwo0005318269371982962432-0008-cam3-ccd4_tess_v01_llc/hlsp_cdips_tess_ffi_gaiatwo0005318269371982962432-0008-cam3-ccd4_tess_v01_llc.fits,COMPLETE,,,8,TIC 14475515,CDIPS
./mastDownload/HLSP/hlsp_cdips_tess_ffi_gaiatwo0005318269371982962432-0009-cam3-ccd3_tess_v01_llc/hlsp_cdips_tess_ffi_gaiatwo0005318269371982962432-0009-cam3-ccd3_tess_v01_llc.fits,COMPLETE,,,9,TIC 14475515,CDIPS
./mastDownload/HLSP/hlsp_pathos_tess_lightcurve_tic-0144755455-s0008_tess_v1_llc/hlsp_pathos_tess_lightcurve_tic-0144755455-s0008_tess_v1_llc.fits,COMPLETE,,,8,TIC 14475545,PATHOS
./mastDownload/HLSP/hlsp_cdips_tess_ffi_gaiatwo0005318267653995965568-0008-cam3-ccd4_tess_v01_llc/hlsp_cdips_tess_ffi_gaiatwo0005318267653995965568-0008-cam3-ccd4_tess_v01_llc.fits,COMPLETE,,,8,TIC 14475545,CDIPS
./mastDownload/HLSP/hlsp_cdips_tess_ffi_gaiatwo0005318267653995965568-0009-cam3-ccd3_tess_v01_llc/hlsp_cdips_tess_ffi_gaiatwo0005318267653995965568-0009-cam3-ccd3_tess_v01_llc.fits,COMPLETE,,,9,TIC 14475545,CDIPS
./mastDownload/HLSP/hlsp_qlp_tess_ffi_s0009-0000000144755455_tess_v01_llc/hlsp_qlp_tess_ffi_s0009-0000000144755455_tess_v01_llc.fits,COMPLETE,,,9,TIC 14475545,QLP
./mastDownload/HLSP/hlsp_pathos_tess_lightcurve_tic-0144758965-s0008_tess_v1_llc/hlsp_pathos_tess_lightcurve_tic-0144758965-s0008_tess_v1_llc.fits,COMPLETE,,,8,TIC 14475896,PATHOS
./mastDownload/HLSP/hlsp_cdips_tess_ffi_gaiatwo0005318322182901778304-0008-cam3-ccd4_tess_v01_llc/hlsp_cdips_tess_ffi_gaiatwo0005318322182901778304-0008-cam3-ccd4_tess_v01_llc.fits,COMPLETE,,,8,TIC 14475896,CDIPS
./mastDownload/HLSP/hlsp_cdips_tess_ffi_gaiatwo0005318325137839278848-0008-cam3-ccd4_tess_v01_llc/hlsp_cdips_tess_ffi_gaiatwo0005318325137839278848-0008-cam3-ccd4_tess_v01_llc.fits,COMPLETE,,,0,TIC 14475896,CDIPS
./mastDownload/HLSP/hlsp_pathos_tess_lightcurve_tic-0144759078-s0008_tess_v1_llc/hlsp_pathos_tess_lightcurve_tic-0144759078-s0008_tess_v1_llc.fits,COMPLETE,,,8,TIC 14475907,PATHOS
./mastDownload/HLSP/hlsp_cdips_tess_ffi_gaiatwo0005318325511487968384-0008-cam3-ccd4_tess_v01_llc/hlsp_cdips_tess_ffi_gaiatwo0005318325511487968384-0008-cam3-ccd4_tess_v01_llc.fits,COMPLETE,,,8,TIC 14475907,CDIPS
./mastDownload/HLSP/hlsp_pathos_tess_lightcurve_tic-0144759493-s0008_tess_v1_llc/hlsp_pathos_tess_lightcurve_tic-0144759493-s0008_tess_v1_llc.fits,COMPLETE,,,8,TIC 14475949,PATHOS
./mastDownload/HLSP/hlsp_cdips_tess_ffi_gaiatwo0005318328676892604800-0008-cam3-ccd4_tess_v01_llc/hlsp_cdips_tess_ffi_gaiatwo0005318328676892604800-0008-cam3-ccd4_tess_v01_llc.fits,COMPLETE,,,8,TIC 14475949,CDIPS
./mastDownload/HLSP/hlsp_pathos_tess_lightcurve_tic-0144759807-s0008_tess_v1_llc/hlsp_pathos_tess_lightcurve_tic-0144759807-s0008_tess_v1_llc.fits,COMPLETE,,,8,TIC 14475980,PATHOS
./mastDownload/HLSP/hlsp_cdips_tess_ffi_gaiatwo0005318517449291928960-0008-cam3-ccd4_tess_v01_llc/hlsp_cdips_tess_ffi_gaiatwo0005318517449291928960-0008-cam3-ccd4_tess_v01_llc.fits,COMPLETE,,,8,TIC 14475980,CDIPS
./mastDownload/HLSP/hlsp_pathos_tess_lightcurve_tic-0144995898-s0008_tess_v1_llc/hlsp_pathos_tess_lightcurve_tic-0144995898-s0008_tess_v1_llc.fits,COMPLETE,,,8,TIC 14499589,PATHOS
./mastDownload/HLSP/hlsp_cdips_tess_ffi_gaiatwo0005318308610805052672-0008-cam3-ccd4_tess_v01_llc/hlsp_cdips_tess_ffi_gaiatwo0005318308610805052672-0008-cam3-ccd4_tess_v01_llc.fits,COMPLETE,,,8,TIC 14499589,CDIPS
./mastDownload/HLSP/hlsp_cdips_tess_ffi_gaiatwo0005318308679524522624-0008-cam3-ccd4_tess_v01_llc/hlsp_cdips_tess_ffi_gaiatwo0005318308679524522624-0008-cam3-ccd4_tess_v01_llc.fits,COMPLETE,,,0,TIC 14499589,CDIPS
./mastDownload/HLSP/hlsp_pathos_tess_lightcurve_tic-0144996772-s0008_tess_v1_llc/hlsp_pathos_tess_lightcurve_tic-0144996772-s0008_tess_v1_llc.fits,COMPLETE,,,8,TIC 14499677,PATHOS
./mastDownload/HLSP/hlsp_cdips_tess_ffi_gaiatwo0005318296275658773888-0008-cam3-ccd4_tess_v01_llc/hlsp_cdips_tess_ffi_gaiatwo0005318296275658773888-0008-cam3-ccd4_tess_v01_llc.fits,COMPLETE,,,8,TIC 14499677,CDIPS
./mastDownload/HLSP/hlsp_pathos_tess_lightcurve_tic-0144997798-s0008_tess_v1_llc/hlsp_pathos_tess_lightcurve_tic-0144997798-s0008_tess_v1_llc.fits,COMPLETE,,,8,TIC 14499779,PATHOS
./mastDownload/HLSP/hlsp_pathos_tess_lightcurve_tic-0144997798-s0010_tess_v1_llc/hlsp_pathos_tess_lightcurve_tic-0144997798-s0010_tess_v1_llc.fits,COMPLETE,,,10,TIC 14499779,PATHOS
./mastDownload/HLSP/hlsp_cdips_tess_ffi_gaiatwo0005318229274167094272-0008-cam3-ccd4_tess_v01_llc/hlsp_cdips_tess_ffi_gaiatwo0005318229274167094272-0008-cam3-ccd4_tess_v01_llc.fits,COMPLETE,,,8,TIC 14499779,CDIPS
./mastDownload/HLSP/hlsp_cdips_tess_ffi_gaiatwo0005318229274167094272-0010-cam3-ccd3_tess_v01_llc/hlsp_cdips_tess_ffi_gaiatwo0005318229274167094272-0010-cam3-ccd3_tess_v01_llc.fits,COMPLETE,,,10,TIC 14499779,CDIPS
./mastDownload/HLSP/hlsp_cdips_tess_ffi_gaiatwo0005318229274167094656-0008-cam3-ccd4_tess_v01_llc/hlsp_cdips_tess_ffi_gaiatwo0005318229274167094656-0008-cam3-ccd4_tess_v01_llc.fits,COMPLETE,,,0,TIC 14499779,CDIPS
./mastDownload/HLSP/hlsp_cdips_tess_ffi_gaiatwo0005318229274167094656-0010-cam3-ccd3_tess_v01_llc/hlsp_cdips_tess_ffi_gaiatwo0005318229274167094656-0010-cam3-ccd3_tess_v01_llc.fits,COMPLETE,,,0,TIC 14499779,CDIPS
./mastDownload/HLSP/hlsp_qlp_tess_ffi_s0009-0000000144997798_tess_v01_llc/hlsp_qlp_tess_ffi_s0009-0000000144997798_tess_v01_llc.fits,COMPLETE,,,9,TIC 14499779,QLP
./mastDownload/HLSP/hlsp_qlp_tess_ffi_s0010-0000000144997798_tess_v01_llc/hlsp_qlp_tess_ffi_s0010-0000000144997798_tess_v01_llc.fits,COMPLETE,,,10,TIC 14499779,QLP
